Time (s),Stack (T),Pad (T),Electrolyte (T),Stack (V) /STM32,Cath in P,Cath out P,Stack (V),Time (m),Stack (V)
1669987994,35,38,36,1004,132,127,0.602,0,0.602
1669987998,35,37,36,953,93,44,0.602,0.066666667,0.602
1669988002,35,37,36,1945,1336,1327,0.604,0.133333333,0.604
1669988006,35,37,36,1602,639,620,0.604,0.2,0.604
1669988010,35,37,36,1623,946,963,0.604,0.266666667,0.604
1669988014,35,37,36,1627,991,997,0.605,0.333333333,0.605
1669988018,35,37,36,1701,394,423,0.605,0.4,0.605
1669988022,35,38,36,1800,1577,1585,0.605,0.466666667,0.605
1669988029,35,38,36,1652,1325,1365,0.607,0.583333333,0.607
1669988030,35,38,36,1185,186,190,0.607,0.6,0.607
1669988034,35,37,36,1934,963,967,0.607,0.666666667,0.607
1669988038,35,38,36,1948,1652,1627,0.607,0.733333333,0.607
1669988042,35,37,36,1946,1448,1458,0.607,0.8,0.607
1669988046,35,37,36,1613,800,808,1.819,0.866666667,1.819
1669988050,35,37,36,1659,1409,1445,1.8,0.933333333,1.8
1669988054,35,37,36,1004,0,0,1.795,1,1.795
1669988058,35,37,36,1930,905,904,1.792,1.066666667,1.792
1669988062,35,37,36,1908,695,683,1.789,1.133333333,1.789
1669988066,35,38,36,1948,1656,1642,1.787,1.2,1.787
1669988074,35,38,36,1623,962,979,1.785,1.333333333,1.785
1669988078,35,38,36,953,125,49,1.783,1.4,1.783
1669988082,35,38,36,992,1,3,1.783,1.466666667,1.783
1669988086,35,38,36,1959,30,29,1.782,1.533333333,1.782
1669988090,35,38,36,1914,777,775,1.782,1.6,1.782
1669988094,35,38,36,1814,1626,1630,1.78,1.666666667,1.78
1669988098,35,38,36,1948,1674,1667,1.78,1.733333333,1.78
1669988102,35,38,36,1585,384,354,1.78,1.8,1.78
1669988106,35,38,36,1632,1069,1091,1.78,1.866666667,1.78
1669988110,35,38,36,966,48,38,1.78,1.933333333,1.78
1669988114,35,38,36,1938,996,949,1.78,2,1.78
1669988118,35,38,36,1917,805,813,1.78,2.066666667,1.78
1669988122,35,38,36,1937,1672,1670,1.78,2.133333333,1.78
1669988126,35,38,36,1946,1471,1490,1.78,2.2,1.78
1669988130,35,38,36,1627,992,1043,1.78,2.266666667,1.78
1669988134,35,38,36,1791,1586,1614,1.78,2.333333333,1.78
1669988138,35,38,36,992,0,0,1.78,2.4,1.78
1669988142,35,38,36,1856,93,70,1.78,2.466666667,1.78
1669988146,35,38,36,1912,766,769,1.78,2.533333333,1.78
1669988150,35,38,36,1918,834,822,1.782,2.6,1.782
1669988154,35,38,36,1631,1046,1072,1.782,2.666666667,1.782
1669988158,35,38,36,1596,508,514,1.782,2.733333333,1.782
1669988162,35,38,36,1938,1009,921,1.782,2.8,1.782
1669988166,35,38,36,1082,21,2,1.782,2.866666667,1.782
1669988170,35,38,36,1185,235,256,1.783,2.933333333,1.783
1669988174,35,38,36,1650,1347,1338,1.783,3,1.783
1669988178,35,38,36,1596,518,519,1.783,3.066666667,1.783
1669988182,35,38,36,1937,1008,1017,1.783,3.133333333,1.783
1669988186,35,38,36,1946,1502,1506,1.785,3.2,1.785
1669988190,35,38,36,979,16,0,1.785,3.266666667,1.785
1669988194,35,38,36,2063,415,420,1.785,3.333333333,1.785
1669988198,35,38,36,1618,925,964,1.786,3.4,1.786
1669988202,35,38,36,1934,949,972,1.786,3.466666667,1.786
1669988206,35,38,36,1946,1525,1510,1.787,3.533333333,1.787
1669988210,35,38,36,1017,33,0,1.787,3.6,1.787
1669988214,35,38,36,979,104,115,1.787,3.666666667,1.787
1669988218,35,38,36,1946,1624,1625,1.787,3.733333333,1.787
1669988222,35,38,36,1947,1643,1677,1.789,3.8,1.789
1669988226,35,38,36,1830,139,132,1.789,3.866666667,1.789
1669988230,35,38,36,1494,303,301,1.789,3.933333333,1.789
1669988234,35,38,36,1888,573,561,1.79,4,1.79
1669988238,35,38,36,1948,1714,1693,1.79,4.066666667,1.79
1669988242,35,38,36,1947,1668,1630,1.792,4.133333333,1.792
1669988246,35,38,36,1494,336,309,1.792,4.2,1.792
1669988250,35,38,36,1615,869,878,1.792,4.266666667,1.792
1669988254,35,38,36,966,82,68,1.792,4.333333333,1.792
1669988258,35,38,36,1921,91,63,1.793,4.4,1.793
1669988262,35,38,36,1469,373,365,1.793,4.466666667,1.793
1669988266,35,38,36,953,104,39,1.795,4.533333333,1.795
1669988270,35,38,36,1940,1066,1057,1.795,4.6,1.795
1669988274,35,38,36,1625,978,1000,1.796,4.666666667,1.796
1669988278,35,38,36,1610,798,794,1.796,4.733333333,1.796
1669988282,35,38,36,1905,695,709,1.797,4.8,1.797
1669988286,35,38,36,1928,913,901,1.797,4.866666667,1.797
1669988290,35,38,36,1606,688,686,1.797,4.933333333,1.797
1669988294,35,38,36,1443,228,226,1.799,5,1.799
1669988298,35,38,36,1941,1095,1070,1.799,5.066666667,1.799
1669988302,35,38,36,1946,1636,1643,1.799,5.133333333,1.799
1669988306,35,38,36,979,70,54,1.8,5.2,1.8
1669988310,35,38,36,1915,1677,1701,1.8,5.266666667,1.8
1669988314,35,38,36,1623,964,963,1.802,5.333333333,1.802
1669988318,35,38,36,1933,950,963,1.802,5.4,1.802
1669988322,35,38,36,1946,1538,1544,1.803,5.466666667,1.803
1669988326,35,38,36,1004,31,2,1.803,5.533333333,1.803
1669988330,35,38,36,953,92,73,1.804,5.6,1.804
1669988334,35,38,36,1947,1672,1688,1.804,5.666666667,1.804
1669988338,35,38,36,1844,1661,1665,1.804,5.733333333,1.804
1669988342,35,38,36,966,125,113,1.806,5.8,1.806
1669988346,35,38,36,1946,1463,1482,1.806,5.866666667,1.806
1669988350,35,38,36,1942,1185,1182,1.807,5.933333333,1.807
1669988354,35,38,36,1627,1018,1033,1.807,6,1.807
1669988358,35,38,36,1645,1288,1302,1.809,6.066666667,1.809
1669988362,35,38,36,1082,225,204,1.809,6.133333333,1.809
1669988366,35,38,36,1520,396,394,1.809,6.2,1.809
1669988370,35,38,36,1652,1402,1404,1.81,6.266666667,1.81
1669988374,35,38,36,1592,457,461,1.81,6.333333333,1.81
1669988378,35,38,36,1942,1175,1127,1.812,6.4,1.812
1669988382,35,38,36,1030,38,13,1.812,6.466666667,1.812
1669988386,35,38,36,953,118,103,1.813,6.533333333,1.813
1669988390,35,38,36,1948,1672,1748,1.813,6.6,1.813
1669988394,35,38,36,1876,1681,1693,1.814,6.666666667,1.814
1669988398,35,38,36,953,0,20,1.814,6.733333333,1.814
1669988402,35,38,36,1004,12,5,1.816,6.8,1.816
1669988406,35,38,36,1933,962,980,1.816,6.866666667,1.816
1669988410,35,38,36,1911,763,772,1.817,6.933333333,1.817
1669988414,35,38,36,1949,1689,1683,1.817,7,1.817
1669988418,35,38,36,1520,290,332,1.819,7.066666667,1.819
1669988422,35,38,36,1628,1030,1030,1.819,7.133333333,1.819
1669988426,35,38,36,979,38,26,1.819,7.2,1.819
1669988430,35,38,36,1443,255,251,1.82,7.266666667,1.82
1669988434,35,38,36,979,174,165,1.82,7.333333333,1.82
1669988438,36,38,36,1921,88,70,1.822,7.4,1.822
1669988442,36,38,36,1417,371,354,1.822,7.466666667,1.822
1669988446,35,38,36,966,31,16,1.823,7.533333333,1.823
1669988450,35,38,36,1930,988,933,1.823,7.6,1.823
1669988454,35,38,36,1755,1575,1601,1.824,7.666666667,1.824
1669988458,36,38,36,1872,1685,1693,1.824,7.733333333,1.824
1669988462,35,38,36,979,33,24,1.826,7.8,1.826
1669988466,36,38,36,979,29,33,1.827,7.866666667,1.827
1669988470,35,38,36,1939,1041,1055,1.827,7.933333333,1.827
1669988474,36,38,36,1922,880,887,1.827,8,1.827
1669988478,36,38,36,1840,1691,1678,1.829,8.066666667,1.829
1669988482,36,38,36,2191,50,8,1.83,8.133333333,1.83
1669988486,36,38,36,1004,20,12,1.83,8.2,1.83
1669988490,36,38,36,1941,1104,1166,1.831,8.266666667,1.831
1669988494,36,38,36,1944,1320,1303,1.831,8.333333333,1.831
1669988498,36,38,36,1959,66,49,1.833,8.4,1.833
1669988502,36,38,36,979,27,23,1.833,8.466666667,1.833
1669988506,36,38,36,1946,1450,1473,1.834,8.533333333,1.834
1669988510,36,38,36,1946,1626,1619,1.834,8.6,1.834
1669988514,36,38,36,1959,58,74,1.836,8.666666667,1.836
1669988518,36,38,36,1056,39,16,1.837,8.733333333,1.837
1669988522,36,38,36,1939,1029,1043,1.837,8.8,1.837
1669988526,36,38,36,1611,816,817,1.837,8.866666667,1.837
1669988530,36,38,36,1610,792,810,1.839,8.933333333,1.839
1669988534,36,38,36,1880,533,527,1.839,9,1.839
1669988538,36,38,36,1881,553,551,1.84,9.066666667,1.84
1669988542,36,38,36,1913,1717,1713,1.84,9.133333333,1.84
1669988546,36,38,36,1947,1671,1694,1.841,9.2,1.841
1669988550,36,38,36,1753,214,212,1.843,9.266666667,1.843
1669988554,36,38,36,1620,1014,950,1.843,9.333333333,1.843
1669988558,36,38,36,1004,0,16,1.844,9.4,1.844
1669988562,36,38,37,1884,539,543,1.846,9.466666667,1.846
1669988566,36,38,36,1004,33,9,1.846,9.533333333,1.846
1669988570,36,38,36,1884,547,518,1.847,9.6,1.847
1669988574,36,38,36,966,76,70,1.847,9.666666667,1.847
1669988578,36,38,36,1926,900,956,1.848,9.733333333,1.848
1669988582,36,38,36,1855,489,485,1.85,9.8,1.85
1669988586,36,38,36,1946,1566,1558,1.85,9.866666667,1.85
1669988590,36,38,37,1589,405,369,1.851,9.933333333,1.851
1669988594,36,38,37,1546,360,331,1.851,10,1.851
1669988598,36,38,36,1926,945,930,1.853,10.06666667,1.853
1669988602,36,38,36,1942,1293,1354,1.853,10.13333333,1.853
1669988606,36,38,36,1004,10,0,1.854,10.2,1.854
1669988610,36,38,37,2063,464,423,1.854,10.26666667,1.854
1669988614,36,38,37,1631,1104,1108,1.856,10.33333333,1.856
1669988618,36,38,37,1591,482,486,1.857,10.4,1.857
1669988622,36,38,37,1914,833,833,1.857,10.46666667,1.857
1669988626,36,38,37,1650,1397,1426,1.858,10.53333333,1.858
1669988630,36,38,37,1634,1141,1183,1.858,10.6,1.858
1669988634,36,38,37,1615,898,904,1.86,10.66666667,1.86
1669988638,36,38,37,1899,680,689,1.861,10.73333333,1.861
1669988642,36,38,37,1641,1251,1284,1.861,10.8,1.861
1669988646,36,38,37,1610,801,848,1.863,10.86666667,1.863
1669988650,36,38,37,1904,714,730,1.863,10.93333333,1.863
1669988654,36,38,37,1912,798,791,1.864,11,1.864
1669988658,36,38,37,1706,1536,1536,1.864,11.06666667,1.864
1669988662,36,38,37,979,153,99,1.865,11.13333333,1.865
1669988666,36,38,37,979,85,82,1.867,11.2,1.867
1669988670,36,38,37,1945,1456,1478,1.867,11.26666667,1.867
1669988674,36,38,37,1946,1563,1562,1.868,11.33333333,1.868
1669988678,36,38,37,1494,323,348,1.87,11.4,1.87
1669988682,36,38,37,1602,675,677,1.871,11.46666667,1.871
1669988686,36,38,37,979,202,198,1.871,11.53333333,1.871
1669988690,36,38,37,1030,42,49,1.873,11.6,1.873
1669988694,36,38,37,1855,530,540,1.873,11.66666667,1.873
1669988698,36,38,37,1946,1472,1487,1.874,11.73333333,1.874
1669988702,36,38,37,1939,1067,1075,1.875,11.8,1.875
1669988706,36,38,37,1632,1111,1130,1.877,11.86666667,1.877
1669988710,36,38,37,1631,1108,1004,1.877,11.93333333,1.877
1669988714,36,38,37,1614,884,907,1.878,12,1.878
1669988718,36,38,37,1917,845,845,1.878,12.06666667,1.878
1669988722,36,38,37,1805,245,197,1.88,12.13333333,1.88
1669988726,36,38,37,1443,382,467,1.88,12.2,1.88
1669988730,36,38,37,1590,467,463,1.881,12.26666667,1.881
1669988734,36,38,37,1946,1571,1564,1.882,12.33333333,1.882
1669988738,36,38,37,1687,1555,1539,1.884,12.4,1.884
1669988742,36,38,37,1890,647,650,1.884,12.46666667,1.884
1669988746,36,38,37,1940,1082,1095,1.885,12.53333333,1.885
1669988750,36,38,37,1934,79,74,1.887,12.6,1.887
1669988754,36,38,37,966,75,71,1.887,12.66666667,1.887
1669988758,36,38,37,1947,1661,1713,1.888,12.73333333,1.888
1669988762,36,38,37,1669,1545,1506,1.888,12.8,1.888
1669988766,36,38,37,1855,516,534,1.89,12.86666667,1.89
1669988770,36,38,37,1635,1157,1161,1.891,12.93333333,1.891
1669988774,36,38,37,1596,566,603,1.891,13,1.891
1669988778,36,38,37,1779,215,210,1.892,13.06666667,1.892
1669988782,36,38,37,1921,904,913,1.894,13.13333333,1.894
1669988786,36,38,37,1720,1546,1553,1.894,13.2,1.894
1669988790,36,38,37,1949,1707,1713,1.895,13.26666667,1.895
1669988794,36,38,37,1597,593,599,1.897,13.33333333,1.897
1669988798,36,38,37,1660,1486,1493,1.897,13.4,1.897
1669988802,36,38,37,1908,100,75,1.898,13.46666667,1.898
1669988806,36,38,37,1614,859,877,1.899,13.53333333,1.899
1669988810,36,38,37,979,78,87,1.901,13.6,1.901
1669988814,36,38,37,1938,1054,1026,1.901,13.66666667,1.901
1669988818,36,38,37,1930,972,972,1.902,13.73333333,1.902
1669988822,36,38,37,1622,986,987,1.904,13.8,1.904
1669988826,36,38,37,1602,673,688,1.905,13.86666667,1.905
1669988830,36,38,37,1902,707,687,1.905,13.93333333,1.905
1669988834,36,38,37,1911,762,795,1.907,14,1.907
1669988838,36,38,37,1635,1124,1176,1.908,14.06666667,1.908
1669988842,36,38,37,1598,604,607,1.909,14.13333333,1.909
1669988846,36,38,37,1921,880,888,1.909,14.2,1.909
1669988850,36,38,37,1933,979,982,1.911,14.26666667,1.911
1669988854,36,38,37,1627,1024,1054,1.912,14.33333333,1.912
1669988858,36,38,37,2063,474,485,1.914,14.4,1.914
1669988862,36,38,37,1893,665,653,1.915,14.46666667,1.915
1669988866,36,38,37,1730,1569,1610,1.915,14.53333333,1.915
1669988870,36,38,37,1658,1477,1505,1.916,14.6,1.916
1669988874,36,38,37,953,175,108,1.918,14.66666667,1.918
1669988878,36,38,37,966,163,189,1.919,14.73333333,1.919
1669988882,36,38,37,1946,1589,1591,1.919,14.8,1.919
1669988886,36,38,37,1946,1715,1727,1.921,14.86666667,1.921
1669988890,36,38,37,966,96,59,1.922,14.93333333,1.922
1669988894,36,38,37,1884,1691,1730,1.924,15,1.924
1669988898,36,38,37,1601,676,693,1.925,15.06666667,1.925
1669988902,36,38,37,1945,1369,1369,1.926,15.13333333,1.926
1669988906,36,38,37,1851,1681,1710,1.926,15.2,1.926
1669988910,36,38,37,1340,354,372,1.928,15.26666667,1.928
1669988914,36,38,37,1902,722,706,1.929,15.33333333,1.929
1669988918,36,38,37,1644,1297,1311,1.931,15.4,1.931
1669988922,36,38,37,1626,1024,1050,1.932,15.46666667,1.932
1669988926,36,38,37,1340,356,302,1.933,15.53333333,1.933
1669988930,36,38,37,1947,1682,1686,1.935,15.6,1.935
1669988934,36,38,37,1947,1668,1696,1.936,15.66666667,1.936
1669988938,36,38,37,1882,101,0,1.938,15.73333333,1.938
1669988942,36,38,37,1959,112,88,1.939,15.8,1.939
1669988946,36,38,37,1935,1012,1006,1.941,15.86666667,1.941
1669988950,36,38,37,1937,1017,1032,1.942,15.93333333,1.942
1669988954,36,38,37,1645,1314,1324,1.943,16,1.943
1669988958,36,38,37,1800,1633,1654,1.945,16.06666667,1.945
1669988962,36,38,37,1004,42,28,1.946,16.13333333,1.946
1669988966,36,38,37,1921,879,905,1.948,16.2,1.948
1669988970,36,38,37,1899,686,710,1.949,16.26666667,1.949
1669988974,36,38,37,1913,1693,1697,1.951,16.33333333,1.951
1669988978,36,38,37,1948,1694,1720,1.952,16.4,1.952
1669988982,36,38,37,992,33,20,1.953,16.46666667,1.953
1669988986,36,38,37,1017,45,44,1.955,16.53333333,1.955
1669988990,36,38,37,1942,1196,1210,1.956,16.6,1.956
1669988994,36,38,37,1946,1529,1527,1.958,16.66666667,1.958
1669988998,36,38,37,1082,55,36,1.959,16.73333333,1.959
1669989002,36,38,37,1942,1230,1255,1.96,16.8,1.96
1669989006,36,38,37,1946,1520,1488,1.962,16.86666667,1.962
1669989010,36,38,37,1985,58,54,1.963,16.93333333,1.963
1669989014,36,38,37,1004,34,28,1.965,17,1.965
1669989018,36,38,37,1945,1380,1391,1.968,17.06666667,1.968
1669989022,36,38,37,1948,1704,1708,1.969,17.13333333,1.969
1669989026,36,38,37,966,92,108,1.97,17.2,1.97
1669989030,36,38,37,1885,586,583,1.972,17.26666667,1.972
1669989034,36,38,37,1612,857,863,1.973,17.33333333,1.973
1669989038,36,38,37,1928,910,925,1.975,17.4,1.975
1669989042,36,38,37,1942,1166,1183,1.976,17.46666667,1.976
1669989046,36,38,37,1598,614,682,1.979,17.53333333,1.979
1669989050,36,38,37,1608,801,809,1.98,17.6,1.98
1669989054,36,38,37,1236,301,306,1.982,17.66666667,1.982
1669989058,36,38,37,979,144,105,1.983,17.73333333,1.983
1669989062,36,38,37,1937,1014,1032,1.986,17.8,1.986
1669989066,36,38,37,1887,589,568,1.987,17.86666667,1.987
1669989070,36,38,37,1945,1410,1443,1.989,17.93333333,1.989
1669989074,36,38,37,1701,1543,1555,1.992,18,1.992
1669989078,36,38,37,1945,1588,1591,1.993,18.06666667,1.993
1669989082,36,38,37,1624,990,1015,1.994,18.13333333,1.994
1669989086,36,38,37,1675,1523,1544,1.997,18.2,1.997
1669989090,36,38,37,953,137,124,1.999,18.26666667,1.999
1669989094,36,38,37,1030,205,220,2.002,18.33333333,2.002
1669989098,36,38,37,1948,1701,1725,2.003,18.4,2.003
1669989102,36,38,37,966,56,70,2.006,18.46666667,2.006
1669989106,36,38,37,1030,213,207,2.007,18.53333333,2.007
1669989110,36,38,37,1948,1711,1727,2.01,18.6,2.01
1669989114,36,38,37,1796,1636,1633,2.013,18.66666667,2.013
1669989118,36,38,37,979,93,93,2.014,18.73333333,2.014
1669989122,36,38,37,979,45,10,2.017,18.8,2.017
1669989126,36,38,37,1934,996,996,2.02,18.86666667,2.02
1669989130,36,38,37,1893,638,627,2.023,18.93333333,2.023
1669989134,36,38,37,1946,1572,1639,2.026,19,2.026
1669989138,36,38,37,1941,1113,1119,2.028,19.06666667,2.028
1669989142,36,38,37,1749,1569,1645,2.031,19.13333333,2.031
1669989146,36,38,37,1947,1589,1665,2.033,19.2,2.033
1669989150,36,38,37,1598,582,623,2.037,19.26666667,2.037
1669989154,36,38,37,1443,384,394,2.04,19.33333333,2.04
1669989158,36,38,37,1262,306,303,2.043,19.4,2.043
1669989162,36,38,37,1948,1673,1693,2.045,19.46666667,2.045
1669989166,37,38,37,1948,1690,1715,2.05,19.53333333,2.05
1669989170,36,38,37,2063,70,74,2.053,19.6,2.053
1669989174,36,38,37,2063,59,66,2.057,19.66666667,2.057
1669989178,36,38,37,1912,788,808,2.06,19.73333333,2.06
1669989182,36,38,37,1948,1682,1704,2.064,19.8,2.064
1669989186,36,38,37,1942,1270,1290,2.068,19.86666667,2.068
1669989190,36,38,37,1666,1479,1493,2.072,19.93333333,2.072
1669989194,37,38,37,1939,1714,1582,2.077,20,2.077
1669989198,37,38,37,1082,38,43,2.082,20.06666667,2.082
1669989202,37,38,37,2114,29,86,2.087,20.13333333,2.087
1669989206,37,38,37,1940,1109,1145,2.092,20.2,2.092
1669989210,37,38,37,1945,1399,1440,2.098,20.26666667,2.098
1669989214,37,38,37,1934,83,102,2.105,20.33333333,2.105
1669989218,37,38,37,1927,930,943,2.112,20.4,2.112
1669989222,37,38,37,1903,733,755,2.119,20.46666667,2.119
1669989226,37,38,37,1948,1670,1715,2.126,20.53333333,2.126
1669989230,37,38,37,1941,1128,1185,2.135,20.6,2.135
1669989234,37,38,37,1652,1423,1449,2.145,20.66666667,2.145
1669989238,37,38,37,1891,1702,1801,2.156,20.73333333,2.156
1669989242,37,38,37,2011,78,56,2.169,20.8,2.169
1669989246,37,38,37,1572,367,395,2.183,20.86666667,2.183
1669989250,37,38,37,1494,392,400,2.2,20.93333333,2.2
1669989254,37,38,37,1946,1469,1452,2.223,21,2.223
1669989258,37,38,37,1936,1008,1030,2.251,21.06666667,2.251
1669989262,37,38,37,1911,1735,1710,2.295,21.13333333,2.295
1669989266,37,38,37,1946,1456,1469,2.364,21.2,2.364
1669989270,37,38,37,1636,1184,1203,2.482,21.26666667,2.482
1669989274,37,38,37,1871,1682,1708,2.63,21.33333333,2.63
1669989278,37,38,37,1908,101,100,2.174,21.4,2.174
1669989282,37,38,37,1941,1082,1091,1.958,21.46666667,1.958
1669989286,37,38,37,1030,188,198,1.899,21.53333333,1.899
1669989290,37,38,37,1942,1145,1174,1.867,21.6,1.867
1669989294,37,38,37,1920,835,865,1.846,21.66666667,1.846
1669989298,37,38,37,1903,1634,1729,1.829,21.73333333,1.829
1669989302,37,38,37,1950,1667,1728,1.816,21.8,1.816
1669989306,37,38,37,1443,240,270,1.806,21.86666667,1.806
1669989310,37,38,37,1622,993,1007,1.797,21.93333333,1.797
1669989314,37,38,37,966,41,34,1.789,22,1.789
1669989318,37,38,37,1913,761,817,1.782,22.06666667,1.782
1669989322,37,38,37,1108,230,240,1.776,22.13333333,1.776
1669989326,37,38,37,1935,992,1022,1.77,22.2,1.77
1669989330,37,38,37,1752,498,496,1.766,22.26666667,1.766
1669989334,37,38,37,1948,1564,1577,1.761,22.33333333,1.761
1669989338,0,0,0,1944,1240,1261,1.756,22.4,1.756
1669989342,37,38,37,1606,767,792,1.752,22.46666667,1.752
1669989346,37,38,37,1612,781,834,1.748,22.53333333,1.748
1669989350,37,38,37,1546,424,440,1.745,22.6,1.745
1669989354,37,38,37,1950,1697,1716,1.741,22.66666667,1.741
1669989358,37,38,37,1946,1570,1595,1.738,22.73333333,1.738
1669989362,37,38,37,1944,1314,1311,1.734,22.8,1.734
1669989366,37,38,37,1612,838,855,1.731,22.86666667,1.731
1669989370,37,38,37,1614,874,898,1.728,22.93333333,1.728
1669989374,37,38,37,1886,569,560,1.725,23,1.725
1669989378,37,38,37,1758,1601,1593,1.722,23.06666667,1.722
1669989382,37,38,37,1643,1278,1307,1.719,23.13333333,1.719
1669989386,37,38,37,1340,347,355,1.717,23.2,1.717
1669989390,37,38,37,1950,1696,1730,1.714,23.26666667,1.714
1669989394,37,38,37,1947,1691,1648,1.711,23.33333333,1.711
1669989398,37,38,37,1546,365,384,1.71,23.4,1.71
1669989402,37,38,37,1606,761,779,1.707,23.46666667,1.707
1669989406,37,38,37,1643,1290,1270,1.704,23.53333333,1.704
1669989410,37,38,37,979,63,73,1.702,23.6,1.702
1669989414,37,38,37,1942,1163,1088,1.7,23.66666667,1.7
1669989418,37,38,37,1928,941,951,1.698,23.73333333,1.698
1669989422,37,38,37,1791,1602,1618,1.695,23.8,1.695
1669989426,37,38,37,1017,31,47,1.694,23.86666667,1.694
1669989430,37,38,37,1572,394,396,1.691,23.93333333,1.691
1669989434,37,38,37,1030,215,204,1.69,24,1.69
1669989438,37,38,37,1959,69,72,1.687,24.06666667,1.687
1669989442,37,38,37,1288,327,346,1.685,24.13333333,1.685
1669989446,37,38,37,1030,25,25,1.684,24.2,1.684
1669989450,37,38,37,1880,531,564,1.681,24.26666667,1.681
1669989454,37,38,37,1024,184,178,1.68,24.33333333,1.68
1669989458,37,38,37,1948,1500,1517,1.678,24.4,1.678
1669989462,37,38,37,1818,173,173,1.675,24.46666667,1.675
1669989466,37,38,37,1030,24,69,1.674,24.53333333,1.674
1669989470,37,38,37,979,103,228,1.673,24.6,1.673
1669989474,37,38,37,1947,1713,1744,1.67,24.66666667,1.67
1669989478,37,38,37,966,168,152,1.668,24.73333333,1.668
1669989482,37,38,37,966,139,145,1.667,24.8,1.667
1669989486,37,38,37,1943,1223,1248,1.666,24.86666667,1.666
1669989490,37,38,37,1923,909,928,1.664,24.93333333,1.664
1669989494,37,38,37,1950,1697,1721,1.663,25,1.663
1669989498,37,38,37,1937,1041,1022,1.661,25.06666667,1.661
1669989502,37,38,37,1950,1730,1730,1.658,25.13333333,1.658
1669989506,37,38,37,1948,1604,1614,1.657,25.2,1.657
1669989510,37,38,37,1593,493,502,1.656,25.26666667,1.656
1669989514,37,38,37,1726,499,499,1.654,25.33333333,1.654
1669989518,37,38,37,966,166,161,1.653,25.4,1.653
1669989522,37,38,37,1928,937,962,1.651,25.46666667,1.651
1669989526,37,38,37,1185,289,297,1.65,25.53333333,1.65
1669989530,37,38,37,1932,976,979,1.649,25.6,1.649
1669989534,37,38,37,1185,303,286,1.647,25.66666667,1.647
1669989538,37,38,37,1922,882,896,1.646,25.73333333,1.646
1669989542,37,38,37,966,138,146,1.644,25.8,1.644
1669989546,37,38,37,1919,813,855,1.643,25.86666667,1.643
1669989550,37,38,37,1950,1708,1697,1.641,25.93333333,1.641
1669989554,37,38,37,1944,1199,1301,1.64,26,1.64
1669989558,37,38,37,1648,1362,1365,1.639,26.06666667,1.639
1669989562,37,38,37,1705,1546,1569,1.637,26.13333333,1.637
1669989566,37,38,37,1030,194,218,1.636,26.2,1.636
1669989570,37,38,37,1752,515,518,1.634,26.26666667,1.634
1669989574,37,38,37,1630,1099,1039,1.633,26.33333333,1.633
1669989578,37,38,37,1938,1025,1037,1.632,26.4,1.632
1669989582,37,38,37,1949,1672,1649,1.63,26.46666667,1.63
1669989586,37,38,37,979,49,65,1.629,26.53333333,1.629
1669989590,37,38,37,979,134,126,1.627,26.6,1.627
1669989594,37,38,37,1944,1245,1270,1.626,26.66666667,1.626
1669989598,37,38,37,1927,954,950,1.624,26.73333333,1.624
1669989602,37,38,37,1948,1711,1735,1.623,26.8,1.623
1669989606,37,38,37,1949,1613,1730,1.622,26.86666667,1.622
1669989610,37,38,37,1766,220,228,1.62,26.93333333,1.62
1669989614,37,38,37,1779,184,220,1.619,27,1.619
1669989618,37,38,37,1938,1043,1033,1.619,27.06666667,1.619
1669989622,37,38,37,1546,354,353,1.617,27.13333333,1.617
1669989626,37,38,37,1004,34,41,1.616,27.2,1.616
1669989630,37,38,37,1947,1610,1614,1.615,27.26666667,1.615
1669989634,37,38,37,1910,1693,1741,1.613,27.33333333,1.613
1669989638,37,38,37,1211,363,341,1.612,27.4,1.612
1669989642,37,38,37,1909,762,623,1.61,27.46666667,1.61
1669989646,37,38,37,1609,811,821,1.61,27.53333333,1.61
1669989650,37,38,37,1938,1035,1049,1.609,27.6,1.609
1669989654,37,38,37,1950,1710,1715,1.607,27.66666667,1.607
1669989658,37,38,37,1288,336,371,1.606,27.73333333,1.606
1669989662,37,38,37,1940,1041,1046,1.605,27.8,1.605
1669989666,37,38,37,1024,45,46,1.603,27.86666667,1.603
1669989670,37,38,37,1288,336,357,1.602,27.93333333,1.602
1669989674,37,38,37,1665,1490,1517,1.602,28,1.602
1669989678,37,38,37,1615,913,918,1.6,28.06666667,1.6
1669989682,37,38,37,1913,814,826,1.599,28.13333333,1.599
1669989686,37,38,37,1942,1121,1156,1.598,28.2,1.598
1669989690,37,38,37,1882,156,145,1.596,28.26666667,1.596
1669989694,37,38,37,1945,1317,1346,1.595,28.33333333,1.595
1669989698,37,38,37,1950,1701,1731,1.595,28.4,1.595
1669989702,37,38,37,979,121,109,1.593,28.46666667,1.593
1669989706,37,38,37,1365,361,379,1.592,28.53333333,1.592
1669989710,37,38,37,1836,1639,1665,1.59,28.6,1.59
1669989714,37,38,37,1643,1278,1310,1.589,28.66666667,1.589
1669989718,37,38,37,1804,510,527,1.588,28.73333333,1.588
1669989722,37,38,37,1675,1516,1533,1.586,28.8,1.586
1669989726,37,38,37,1619,983,1012,1.586,28.86666667,1.586
1669989730,37,38,37,1909,784,785,1.585,28.93333333,1.585
1669989734,37,38,37,1940,1079,1051,1.583,29,1.583
1669989738,37,38,37,1805,216,226,1.582,29.06666667,1.582
1669989742,37,38,37,979,68,80,1.581,29.13333333,1.581
1669989746,37,38,37,1950,1714,1730,1.579,29.2,1.579
1669989750,37,38,37,1430,417,410,1.579,29.26666667,1.579
1669989754,37,38,37,1938,1024,1018,1.578,29.33333333,1.578
1669989758,37,38,37,1949,1855,1703,1.576,29.4,1.576
1669989762,37,38,37,979,196,186,1.575,29.46666667,1.575
1669989766,37,38,37,1657,1464,1487,1.573,29.53333333,1.573
1669989770,37,38,37,2063,66,66,1.572,29.6,1.572
1669989774,37,38,37,1819,1662,1667,1.571,29.66666667,1.571
1669989778,37,38,37,1959,88,130,1.569,29.73333333,1.569
1669989782,37,38,37,1950,1723,1781,1.568,29.8,1.568
1669989790,37,38,37,1934,1000,1023,1.566,29.93333333,1.566
1669989794,37,38,37,1592,518,521,1.565,30,1.565
1669989798,37,38,37,1869,121,121,1.563,30.06666667,1.563
1669989802,37,38,37,1942,1118,1138,1.562,30.13333333,1.562
1669989806,37,38,37,1948,1631,1699,1.561,30.2,1.561
1669989810,37,38,37,1133,266,282,1.559,30.26666667,1.559
1669989814,37,38,37,1942,1081,1104,1.558,30.33333333,1.558
1669989818,37,39,37,966,141,159,1.556,30.4,1.556
1669989822,37,39,37,1942,1115,1164,1.555,30.46666667,1.555
1669989826,37,38,37,979,102,100,1.554,30.53333333,1.554
1669989830,36,39,37,1895,668,681,1.552,30.6,1.552
1669989834,37,38,37,1633,1115,1134,1.551,30.66666667,1.551
1669989838,36,38,37,1804,533,527,1.549,30.73333333,1.549
1669989842,37,38,37,2063,479,501,1.548,30.8,1.548
1669989846,37,38,37,1948,1541,1597,1.546,30.86666667,1.546
1669989850,37,38,37,1935,1003,1003,1.545,30.93333333,1.545
1669989854,37,38,37,1950,1727,1731,1.542,31,1.542
1669989858,37,38,37,1947,1634,1618,1.541,31.06666667,1.541
1669989862,37,38,37,1469,295,343,1.538,31.13333333,1.538
1669989866,37,38,37,1921,883,888,1.537,31.2,1.537
1669989870,37,38,37,1940,1062,1087,1.534,31.26666667,1.534
1669989874,37,38,37,1599,643,608,1.531,31.33333333,1.531
1669989878,37,38,37,1596,587,589,1.528,31.4,1.528
1669989882,37,38,37,1893,660,667,1.525,31.46666667,1.525
1669989886,37,39,37,1905,751,753,1.521,31.53333333,1.521
1669989890,37,39,37,1648,1382,1411,1.515,31.6,1.515
1669989894,37,39,37,1622,1016,986,1.51,31.66666667,1.51
1669989898,37,39,37,1892,645,660,1.501,31.73333333,1.501
1669989902,37,38,37,1909,788,808,1.487,31.8,1.487
1669989906,37,38,37,1649,1377,1399,1.459,31.86666667,1.459
1669989910,37,38,37,1314,343,356,1.386,31.93333333,1.386
1669989914,37,39,37,1887,609,626,1.137,32,1.137
1669989918,37,39,37,1652,1414,1447,1.079,32.06666667,1.079
1669989922,37,39,37,1602,724,742,1.06,32.13333333,1.06
1669989926,37,39,37,1939,1056,1058,1.045,32.2,1.045
1669989930,37,39,37,1949,1682,1684,1.026,32.26666667,1.026
1669989934,37,39,37,966,141,137,0.989,32.33333333,0.989
1669989938,37,39,37,1585,394,402,1.632,32.4,1.632
1669989942,37,39,37,1617,920,954,1.776,32.46666667,1.776
1669989946,37,39,37,1933,1013,1031,1.793,32.53333333,1.793
1669989950,37,39,37,1946,1527,1542,1.81,32.6,1.81
1669989954,37,39,37,1004,63,53,1.824,32.66666667,1.824
1669989958,37,39,37,979,124,108,1.837,32.73333333,1.837
1669989962,37,39,37,1945,1573,1656,1.846,32.8,1.846
1669989966,37,39,37,1946,1570,1577,1.851,32.86666667,1.851
1669989970,37,39,37,1546,408,482,1.857,32.93333333,1.857
1669989974,37,39,37,1601,684,671,1.86,33,1.86
1669989978,37,39,37,1417,392,398,1.863,33.06666667,1.863
1669989982,37,39,37,1946,1557,1585,1.865,33.13333333,1.865
1669989986,37,39,37,1943,1275,1278,1.867,33.2,1.867
1669989990,37,39,37,1609,830,842,1.868,33.26666667,1.868
1669989994,37,39,37,1602,711,723,1.87,33.33333333,1.87
1669989998,37,39,37,1924,929,917,1.87,33.4,1.87
1669990002,37,39,37,1779,233,259,1.871,33.46666667,1.871
1669990006,37,39,37,1108,282,296,1.873,33.53333333,1.873
1669990010,37,39,37,1936,1033,1017,1.873,33.6,1.873
1669990014,37,39,37,1030,41,61,1.873,33.66666667,1.873
1669990018,37,39,37,1275,327,330,1.874,33.73333333,1.874
1669990022,37,39,37,1728,1561,1585,1.874,33.8,1.874
1669990026,37,39,37,1236,283,327,1.875,33.86666667,1.875
1669990030,37,39,37,2063,461,481,1.875,33.93333333,1.875
1669990034,37,39,37,1842,1704,1709,1.875,34,1.875
1669990038,37,39,37,1710,1533,1564,1.877,34.06666667,1.877
1669990042,37,39,37,1185,286,287,1.877,34.13333333,1.877
1669990046,37,39,37,1938,1687,1722,1.878,34.2,1.878
1669990050,37,39,37,1759,1602,1604,1.878,34.26666667,1.878
1669990054,37,39,37,1185,278,292,1.88,34.33333333,1.88
1669990058,37,39,37,1830,576,576,1.88,34.4,1.88
1669990062,37,39,37,1863,1726,1720,1.881,34.46666667,1.881
1669990066,37,39,37,1837,1700,1733,1.882,34.53333333,1.882
1669990070,37,39,37,966,54,53,1.882,34.6,1.882
1669990074,37,39,37,1004,71,67,1.882,34.66666667,1.882
1669990078,37,39,37,1942,1256,1251,1.884,34.73333333,1.884
1669990082,37,39,37,1946,1475,1485,1.884,34.8,1.884
1669990086,37,39,37,1882,139,139,1.885,34.86666667,1.885
1669990090,37,39,37,1942,1153,1170,1.885,34.93333333,1.885
1669990094,37,39,37,1946,1579,1572,1.887,35,1.887
1669990098,37,39,37,1030,33,91,1.887,35.06666667,1.887
1669990102,37,39,37,1004,17,45,1.888,35.13333333,1.888
1669990106,37,39,37,1942,1203,1233,1.89,35.2,1.89
1669990110,37,39,37,1942,1203,1198,1.89,35.26666667,1.89
1669990114,37,39,38,1601,675,714,1.891,35.33333333,1.891
1669990118,37,39,38,1830,547,560,1.891,35.4,1.891
1669990122,37,39,38,1546,439,448,1.892,35.46666667,1.892
1669990126,37,39,38,1929,1705,1719,1.892,35.53333333,1.892
1669990130,37,39,38,1750,1540,1573,1.894,35.6,1.894
1669990134,37,39,38,1211,303,321,1.894,35.66666667,1.894
1669990138,37,39,38,1911,1698,1737,1.895,35.73333333,1.895
1669990142,37,39,38,1742,1558,1594,1.895,35.8,1.895
1669990146,37,39,38,1637,1192,1186,1.897,35.86666667,1.897
1669990150,37,39,38,1880,559,579,1.897,35.93333333,1.897
1669990154,37,39,38,1656,1461,1492,1.898,36,1.898
1669990162,37,39,38,953,159,173,1.899,36.13333333,1.899
1669990166,37,39,38,1921,45,66,1.901,36.2,1.901
1669990170,37,39,38,979,207,213,1.902,36.26666667,1.902
1669990174,37,39,38,1914,843,838,1.902,36.33333333,1.902
1669990178,37,39,38,1030,240,232,1.904,36.4,1.904
1669990182,37,39,38,1937,1045,1043,1.905,36.46666667,1.905
1669990186,37,39,38,1908,765,782,1.905,36.53333333,1.905
1669990190,37,39,38,1724,1550,1570,1.907,36.6,1.907
1669990194,37,39,38,1633,1119,1120,1.908,36.66666667,1.908
1669990198,37,39,38,1592,506,523,1.908,36.73333333,1.908
1669990202,37,39,38,1939,1134,1144,1.909,36.8,1.909
1669990206,37,39,38,1546,345,352,1.909,36.86666667,1.909
1669990210,37,39,38,1934,999,1047,1.911,36.93333333,1.911
1669990214,37,39,38,1942,1264,1264,1.912,37,1.912
1669990218,37,39,38,1944,1354,1349,1.912,37.06666667,1.912
1669990222,37,39,38,1600,649,672,1.914,37.13333333,1.914
1669990226,37,39,38,1607,842,864,1.915,37.2,1.915
1669990230,37,39,38,1211,249,254,1.916,37.26666667,1.916
1669990234,37,39,38,966,58,83,1.916,37.33333333,1.916
1669990238,37,39,38,1936,1066,1097,1.918,37.4,1.918
1669990242,37,39,38,1807,1691,1701,1.919,37.46666667,1.919
1669990246,37,39,38,1948,1745,1772,1.921,37.53333333,1.921
1669990250,37,39,38,1908,55,56,1.921,37.6,1.921
1669990254,37,39,38,1494,290,295,1.922,37.66666667,1.922
1669990258,37,39,38,1897,672,673,1.924,37.73333333,1.924
1669990262,38,39,38,1849,1814,1851,1.925,37.8,1.925
1669990266,38,39,38,1825,1682,1723,1.925,37.86666667,1.925
1669990270,37,39,38,979,83,87,1.926,37.93333333,1.926
1669990274,37,39,38,953,200,179,1.928,38,1.928
1669990278,37,39,38,1946,1558,1581,1.929,38.06666667,1.929
1669990282,37,39,38,1946,1527,1555,1.929,38.13333333,1.929
1669990286,37,39,38,1779,174,197,1.931,38.2,1.931
1669990290,37,39,38,2166,0,50,1.932,38.26666667,1.932
1669990294,37,39,38,1945,1458,1453,1.933,38.33333333,1.933
1669990298,37,39,38,2166,0,22,1.935,38.4,1.935
1669990302,37,39,38,953,55,41,1.936,38.46666667,1.936
1669990306,37,39,38,1948,1747,1754,1.938,38.53333333,1.938
1669990310,37,39,38,1753,1610,1631,1.938,38.6,1.938
1669990314,37,39,38,1598,449,455,1.939,38.66666667,1.939
1669990318,37,39,38,1911,749,789,1.941,38.73333333,1.941
1669990322,37,39,38,1648,1366,1409,1.942,38.8,1.942
1669990326,37,39,38,1662,1498,1514,1.943,38.86666667,1.943
1669990330,37,39,38,979,13,18,1.945,38.93333333,1.945
1669990334,37,39,38,1030,10,16,1.946,39,1.946
1669990338,37,39,38,1929,939,994,1.946,39.06666667,1.946
1669990342,37,39,38,1919,860,872,1.948,39.13333333,1.948
1669990346,37,39,38,1670,1589,1613,1.949,39.2,1.949
1669990350,37,39,38,1030,180,195,1.951,39.26666667,1.951
1669990354,37,39,38,1288,307,278,1.952,39.33333333,1.952
1669990358,37,39,38,1949,1838,1869,1.953,39.4,1.953
1669990362,37,39,38,1865,1727,1752,1.955,39.46666667,1.955
1669990366,37,39,38,966,79,87,1.956,39.53333333,1.956
1669990370,37,39,38,953,220,207,1.958,39.6,1.958
1669990374,37,39,38,1946,1594,1628,1.959,39.66666667,1.959
1669990378,37,39,38,1585,412,422,1.96,39.73333333,1.96
1669990382,37,39,38,1607,874,871,1.962,39.8,1.962
1669990386,37,39,38,1030,182,211,1.963,39.86666667,1.963
1669990390,37,39,38,1017,26,0,1.965,39.93333333,1.965
1669990394,37,39,38,1915,813,830,1.968,40,1.968
1669990398,37,39,38,1365,352,348,1.969,40.06666667,1.969
1669990402,37,39,38,1944,1403,1430,1.97,40.13333333,1.97
1669990406,37,39,38,1938,1050,1062,1.972,40.2,1.972
1669990410,37,39,38,1646,1375,1391,1.973,40.26666667,1.973
1669990414,37,39,38,953,150,107,1.975,40.33333333,1.975
1669990418,37,39,38,1082,244,252,1.977,40.4,1.977
1669990422,37,39,38,1855,1722,1766,1.979,40.46666667,1.979
1669990426,37,39,38,1627,1060,1074,1.98,40.53333333,1.98
1669990430,37,39,38,1901,691,720,1.982,40.6,1.982
1669990434,37,39,38,1919,855,850,1.985,40.66666667,1.985
1669990438,37,39,38,1628,1072,1110,1.986,40.73333333,1.986
1669990442,37,39,38,1889,604,606,1.987,40.8,1.987
1669990446,37,39,38,1907,756,759,1.989,40.86666667,1.989
1669990450,37,39,38,1917,840,869,1.992,40.93333333,1.992
1669990454,37,39,38,1625,1022,1060,1.993,41,1.993
1669990458,37,39,38,1917,842,885,1.994,41.06666667,1.994
1669990462,37,39,38,1945,1446,1429,1.997,41.13333333,1.997
1669990466,37,39,38,979,17,44,1.999,41.2,1.999
1669990470,37,39,38,1905,748,751,2.002,41.26666667,2.002
1669990474,37,39,38,1882,83,73,2.003,41.33333333,2.003
1669990478,37,39,38,1949,1730,1781,2.006,41.4,2.006
1669990482,37,39,38,1599,646,665,2.007,41.46666667,2.007
1669990486,37,39,38,979,7,12,2.01,41.53333333,2.01
1669990490,37,39,38,1948,1746,1774,2.011,41.6,2.011
1669990494,37,39,38,1004,0,22,2.014,41.66666667,2.014
1669990498,37,39,38,953,15,29,2.017,41.73333333,2.017
1669990502,37,39,38,1944,1367,1378,2.019,41.8,2.019
1669990506,37,39,38,1943,1303,1320,2.021,41.86666667,2.021
1669990510,37,39,38,1599,662,678,2.024,41.93333333,2.024
1669990514,37,39,38,1595,551,566,2.027,42,2.027
1669990518,37,39,38,1907,757,780,2.028,42.06666667,2.028
1669990522,37,39,38,1921,888,910,2.031,42.13333333,2.031
1669990526,37,39,38,1618,945,968,2.034,42.2,2.034
1669990534,37,39,38,1939,1096,1137,2.04,42.33333333,2.04
1669990538,37,39,38,1494,276,307,2.043,42.4,2.043
1669990542,37,39,38,1082,19,24,2.047,42.46666667,2.047
1669990546,37,39,38,1944,1365,1394,2.05,42.53333333,2.05
1669990550,37,39,38,1947,1757,1803,2.053,42.6,2.053
1669990554,37,39,38,966,44,50,2.057,42.66666667,2.057
1669990558,37,39,38,1185,285,269,2.06,42.73333333,2.06
1669990562,37,39,38,1929,1753,1772,2.064,42.8,2.064
1669990566,37,39,38,953,19,59,2.068,42.86666667,2.068
1669990570,37,39,38,979,153,153,2.072,42.93333333,2.072
1669990574,38,39,38,1948,1757,1799,2.077,43,2.077
1669990578,37,39,38,1917,1747,1772,2.081,43.06666667,2.081
1669990582,37,39,38,953,74,113,2.087,43.13333333,2.087
1669990586,38,39,38,1948,1753,1810,2.092,43.2,2.092
1669990590,37,39,38,1744,1615,1636,2.098,43.26666667,2.098
1669990594,37,39,38,1236,284,282,2.104,43.33333333,2.104
1669990598,38,39,38,1890,605,607,2.111,43.4,2.111
1669990602,37,39,38,1621,988,1011,2.118,43.46666667,2.118
1669990606,37,39,38,1934,27,62,2.125,43.53333333,2.125
1669990610,37,39,38,1946,1625,1640,2.133,43.6,2.133
1669990614,37,39,38,1697,1560,1581,2.143,43.66666667,2.143
1669990618,37,39,38,1855,531,562,2.155,43.73333333,2.155
1669990622,37,39,38,1784,1620,1659,2.167,43.8,2.167
1669990626,37,39,38,1915,1730,1752,2.182,43.86666667,2.182
1669990630,37,39,38,1946,1687,1676,2.2,43.93333333,2.2
1669990634,38,39,38,1602,693,688,2.224,44,2.224
1669990638,37,39,38,1340,294,352,2.258,44.06666667,2.258
1669990642,37,39,38,1417,403,361,2.313,44.13333333,2.313
1669990646,38,39,38,1858,1760,1744,2.42,44.2,2.42
1669990650,37,39,38,1631,1137,1155,2.567,44.26666667,2.567
1669990654,37,39,38,1927,945,985,2.159,44.33333333,2.159
1669990658,37,39,38,1520,362,377,1.945,44.4,1.945
1669990662,37,39,38,1185,258,253,1.888,44.46666667,1.888
1669990666,37,39,38,1677,1553,1559,1.857,44.53333333,1.857
1669990670,38,39,38,1620,975,1007,1.834,44.6,1.834
1669990674,37,39,38,1881,550,564,1.819,44.66666667,1.819
1669990678,37,39,38,1880,556,566,1.806,44.73333333,1.806
1669990682,37,39,38,1950,1722,1757,1.796,44.8,1.796
1669990686,38,39,38,1948,1498,1587,1.787,44.86666667,1.787
1669990690,37,39,38,1594,519,545,1.78,44.93333333,1.78
1669990694,38,39,38,1598,597,595,1.773,45,1.773
1669990698,37,39,38,1855,519,540,1.768,45.06666667,1.768
1669990702,37,39,38,1417,379,369,1.762,45.13333333,1.762
1669990706,38,39,38,1947,1596,1618,1.758,45.2,1.758
1669990710,37,39,38,1595,556,581,1.752,45.26666667,1.752
1669990714,37,39,38,1607,797,817,1.748,45.33333333,1.748
1669990718,38,39,38,1888,573,596,1.744,45.4,1.744
1669990722,37,39,38,1918,853,1033,1.739,45.46666667,1.739
1669990726,37,39,38,1602,727,726,1.736,45.53333333,1.736
1669990730,37,39,38,1030,0,8,1.732,45.6,1.732
1669990734,38,39,38,1950,1754,1781,1.729,45.66666667,1.729
1669990738,37,39,38,1185,282,281,1.725,45.73333333,1.725
1669990742,38,39,38,1926,926,999,1.722,45.8,1.722
1669990746,37,39,38,1494,300,323,1.719,45.86666667,1.719
1669990750,37,39,38,1017,14,12,1.717,45.93333333,1.717
1669990754,38,39,38,1950,1708,1739,1.714,46,1.714
1669990758,37,39,38,1643,1330,1407,1.711,46.06666667,1.711
1669990762,37,39,38,1888,605,604,1.708,46.13333333,1.708
1669990766,37,39,38,1907,726,743,1.705,46.2,1.705
1669990770,37,39,38,1853,1724,1742,1.704,46.26666667,1.704
1669990774,37,39,38,2063,8,28,1.701,46.33333333,1.701
1669990778,38,39,38,1618,962,971,1.698,46.4,1.698
1669990782,37,39,38,1030,12,16,1.695,46.46666667,1.695
1669990786,37,39,38,1599,630,704,1.694,46.53333333,1.694
1669990790,37,39,38,1378,356,350,1.691,46.6,1.691
1669990794,37,39,38,1224,265,285,1.688,46.66666667,1.688
1669990798,37,39,38,1950,1763,1784,1.687,46.73333333,1.687
1669990802,38,39,38,1643,1274,1321,1.684,46.8,1.684
1669990806,37,39,38,1939,1068,1112,1.683,46.86666667,1.683
1669990810,37,39,38,1913,1770,1780,1.68,46.93333333,1.68
1669990814,38,39,38,1909,756,780,1.678,47,1.678
1669990818,37,39,38,1443,267,256,1.675,47.06666667,1.675
1669990822,37,39,38,1030,106,158,1.674,47.13333333,1.674
1669990826,38,39,38,1634,1177,1195,1.671,47.2,1.671
1669990830,37,39,38,1030,0,8,1.67,47.26666667,1.67
1669990834,37,39,38,1947,1652,1694,1.668,47.33333333,1.668
1669990838,38,39,38,1959,44,58,1.666,47.4,1.666
1669990842,37,39,38,1779,207,203,1.664,47.46666667,1.664
1669990846,37,39,38,1892,623,631,1.663,47.53333333,1.663
1669990850,37,39,38,1314,260,276,1.66,47.6,1.66
1669990854,37,39,38,1948,1578,1633,1.658,47.66666667,1.658
1669990858,37,39,38,1949,1554,1563,1.657,47.73333333,1.657
1669990862,37,39,38,1593,508,487,1.654,47.8,1.654
1669990866,37,39,38,1594,484,554,1.653,47.86666667,1.653
1669990870,37,39,38,1910,795,809,1.651,47.93333333,1.651
1669990874,38,39,38,1930,946,972,1.65,48,1.65
1669990878,37,39,38,1597,593,598,1.647,48.06666667,1.647
1669990882,37,39,38,1943,1141,1175,1.646,48.13333333,1.646
1669990886,37,39,38,1950,1803,1783,1.644,48.2,1.644
1669990890,37,39,38,1601,686,701,1.643,48.26666667,1.643
1669990894,37,39,38,1946,1408,1440,1.641,48.33333333,1.641
1669990898,38,39,38,966,33,115,1.64,48.4,1.64
1669990902,37,39,38,1891,617,623,1.637,48.46666667,1.637
1669990906,37,39,38,1614,886,892,1.636,48.53333333,1.636
1669990910,37,39,38,1856,124,87,1.634,48.6,1.634
1669990914,37,39,38,1935,1028,1110,1.633,48.66666667,1.633
1669990918,37,39,38,1918,876,885,1.632,48.73333333,1.632
1669990922,38,39,38,1949,1710,1750,1.63,48.8,1.63
1669990926,37,39,38,1593,521,537,1.629,48.86666667,1.629
1669990930,37,39,38,1619,975,980,1.627,48.93333333,1.627
1669990934,37,39,38,1365,336,339,1.624,49,1.624
1669990938,37,39,38,1855,553,561,1.623,49.06666667,1.623
1669990942,37,39,38,1714,1672,1635,1.622,49.13333333,1.622
1669990946,38,39,38,1614,909,934,1.62,49.2,1.62
1669990950,37,39,38,1921,903,914,1.619,49.26666667,1.619
1669990954,37,39,38,1598,656,662,1.617,49.33333333,1.617
1669990958,38,39,38,2088,0,0,1.616,49.4,1.616
1669990962,37,39,38,966,126,129,1.615,49.46666667,1.615
1669990966,37,39,38,1941,1778,1789,1.613,49.53333333,1.613
1669990970,38,39,38,1340,338,355,1.612,49.6,1.612
1669990974,37,39,38,1930,985,978,1.61,49.66666667,1.61
1669990978,37,39,38,1443,261,267,1.609,49.73333333,1.609
1669990982,37,39,38,979,36,41,1.607,49.8,1.607
1669990986,37,39,38,1860,1727,1760,1.606,49.86666667,1.606
1669990990,37,39,38,1591,498,490,1.603,49.93333333,1.603
1669990994,37,39,38,1947,1469,1494,1.602,50,1.602
1669990998,37,39,38,1004,0,34,1.6,50.06666667,1.6
1669991002,37,39,38,1082,247,221,1.599,50.13333333,1.599
1669991006,38,39,38,1950,1679,1809,1.598,50.2,1.598
1669991010,37,39,38,1950,1780,1805,1.596,50.26666667,1.596
1669991014,37,39,38,1908,60,61,1.595,50.33333333,1.595
1669991018,37,39,38,1921,860,920,1.592,50.4,1.592
1669991022,37,39,38,1911,780,801,1.59,50.46666667,1.59
1669991026,37,39,38,1898,694,711,1.589,50.53333333,1.589
1669991030,37,39,38,1950,1773,1802,1.586,50.6,1.586
1669991034,37,39,38,1030,5,20,1.585,50.66666667,1.585
1669991038,37,39,38,1017,12,7,1.582,50.73333333,1.582
1669991042,37,39,38,1946,1362,1373,1.581,50.8,1.581
1669991046,37,39,38,1947,1643,1664,1.578,50.86666667,1.578
1669991050,37,39,38,1017,4,0,1.575,50.93333333,1.575
1669991054,37,39,38,1030,182,191,1.572,51,1.572
1669991058,37,39,38,1755,1632,1660,1.569,51.06666667,1.569
1669991062,37,39,38,1926,1087,1124,1.565,51.13333333,1.565
1669991066,37,39,38,1947,1788,1784,1.561,51.2,1.561
1669991070,37,39,38,1933,1082,1036,1.556,51.26666667,1.556
1669991074,37,39,38,1747,1578,1714,1.551,51.33333333,1.551
1669991078,38,39,38,1945,1300,1322,1.542,51.4,1.542
1669991082,37,39,38,1198,300,286,1.534,51.46666667,1.534
1669991086,37,39,38,1944,1320,1378,1.521,51.53333333,1.521
1669991090,37,39,38,1950,1704,1784,1.501,51.6,1.501
1669991094,37,39,38,953,186,203,1.466,51.66666667,1.466
1669991098,37,39,38,953,155,152,1.393,51.73333333,1.393
1669991102,37,39,38,1944,1253,1266,1.178,51.8,1.178
1669991106,37,39,38,1911,813,794,1.131,51.86666667,1.131
1669991110,37,39,38,1950,1942,2033,1.113,51.93333333,1.113
1669991114,37,39,38,1494,289,340,1.1,52,1.1
1669991118,37,39,38,1588,456,472,1.09,52.06666667,1.09
1669991122,37,39,38,1941,1260,1272,1.08,52.13333333,1.08
1669991126,38,39,38,1884,1796,1763,1.07,52.2,1.07
1669991130,37,39,38,1944,1236,1244,1.059,52.26666667,1.059
1669991134,37,39,38,1598,559,531,1.04,52.33333333,1.04
1669991138,37,39,38,1948,1735,1780,1.005,52.4,1.005
1669991142,37,39,38,1610,876,873,0.971,52.46666667,0.971
1669991146,38,39,38,966,83,96,1.666,52.53333333,1.666
1669991150,37,39,38,979,25,5,1.814,52.6,1.814
1669991154,37,39,38,1494,381,448,1.833,52.66666667,1.833
1669991158,37,39,38,1632,1257,1271,1.848,52.73333333,1.848
1669991162,38,39,38,1818,145,156,1.864,52.8,1.864
1669991166,37,39,38,1946,1584,1607,1.875,52.86666667,1.875
1669991170,37,39,38,966,111,95,1.885,52.93333333,1.885
1669991174,37,39,38,1546,441,435,1.892,53,1.892
1669991178,37,39,38,1921,903,967,1.898,53.06666667,1.898
1669991182,37,39,38,1596,664,660,1.902,53.13333333,1.902
1669991186,38,39,38,1938,1095,1108,1.905,53.2,1.905
1669991190,37,39,38,1946,1588,1647,1.907,53.26666667,1.907
1669991194,37,39,38,953,161,100,1.909,53.33333333,1.909
1669991198,37,39,38,2063,531,491,1.911,53.4,1.911
1669991202,37,39,38,1652,1446,1462,1.912,53.46666667,1.912
1669991206,37,39,38,1391,479,491,1.914,53.53333333,1.914
1669991210,38,39,38,1752,503,498,1.915,53.6,1.915
1669991214,37,39,38,1854,1749,1771,1.915,53.66666667,1.915
1669991218,37,39,38,1677,1562,1573,1.916,53.73333333,1.916
1669991222,38,39,38,1391,364,396,1.916,53.8,1.916
1669991226,37,39,38,1912,848,811,1.918,53.86666667,1.918
1669991230,37,39,38,1587,444,437,1.918,53.93333333,1.918
1669991234,38,39,38,979,91,97,1.919,54,1.919
1669991238,37,39,38,1646,1382,1398,1.919,54.06666667,1.919
1669991242,37,39,38,2088,78,66,1.921,54.13333333,1.921
1669991246,37,39,38,1896,1732,1743,1.921,54.2,1.921
1669991250,37,39,38,1920,912,904,1.922,54.26666667,1.922
1669991254,37,39,38,1937,1883,1920,1.924,54.33333333,1.924
1669991258,37,39,38,1443,313,296,1.924,54.4,1.924
1669991262,37,39,38,1948,1706,1758,1.925,54.46666667,1.925
1669991266,37,39,38,2063,546,557,1.926,54.53333333,1.926
1669991270,0,39,0,1942,1144,1155,1.926,54.6,1.926
1669991274,37,39,38,1004,79,58,1.928,54.66666667,1.928
1669991278,37,39,38,1211,373,391,1.929,54.73333333,1.929
1669991282,37,39,38,1651,1407,1470,1.929,54.8,1.929
1669991286,37,39,38,1913,843,865,1.931,54.86666667,1.931
1669991290,38,39,38,1946,1789,1806,1.932,54.93333333,1.932
1669991294,37,39,38,1443,400,406,1.932,55,1.932
1669991298,38,39,38,1943,1321,1346,1.933,55.06666667,1.933
1669991302,37,39,38,979,0,70,1.935,55.13333333,1.935
1669991306,38,39,38,1892,637,655,1.935,55.2,1.935
1669991310,37,39,38,1622,1016,1026,1.936,55.26666667,1.936
1669991314,37,39,38,1546,402,406,1.938,55.33333333,1.938
1669991318,37,39,38,1937,1070,1082,1.939,55.4,1.939
1669991322,38,39,38,1945,1382,1407,1.939,55.46666667,1.939
1669991326,37,39,38,1030,62,74,1.941,55.53333333,1.941
1669991330,38,39,38,1946,1713,1735,1.942,55.6,1.942
1669991334,38,39,38,1647,1375,1432,1.942,55.66666667,1.942
1669991338,37,39,38,1934,1166,1149,1.943,55.73333333,1.943
1669991342,38,39,38,1900,1775,1768,1.945,55.8,1.945
1669991346,37,39,38,1926,966,963,1.946,55.86666667,1.946
1669991350,38,39,38,1918,1895,1884,1.946,55.93333333,1.946
1669991354,38,39,38,1906,742,772,1.948,56,1.948
1669991358,38,39,38,1494,338,343,1.949,56.06666667,1.949
1669991362,38,39,38,966,69,63,1.951,56.13333333,1.951
1669991366,38,39,38,1948,1748,1759,1.951,56.2,1.951
1669991370,38,39,38,1947,1764,1791,1.952,56.26666667,1.952
1669991374,38,39,38,1004,0,21,1.953,56.33333333,1.953
1669991378,38,39,38,979,37,20,1.955,56.4,1.955
1669991382,38,39,38,1946,1681,1658,1.956,56.46666667,1.956
1669991386,38,39,38,966,11,0,1.958,56.53333333,1.958
1669991390,38,39,38,1598,467,469,1.959,56.6,1.959
1669991394,38,39,38,1642,1295,1306,1.96,56.66666667,1.96
1669991398,38,39,38,1588,407,425,1.962,56.73333333,1.962
1669991402,38,39,38,1937,1059,1090,1.963,56.8,1.963
1669991406,38,39,38,1942,1258,1400,1.965,56.86666667,1.965
1669991410,38,39,38,1546,298,351,1.966,56.93333333,1.966
1669991414,38,39,38,1908,83,94,1.968,57,1.968
1669991418,38,39,38,1941,1120,1101,1.969,57.06666667,1.969
1669991422,38,39,38,1585,456,465,1.97,57.13333333,1.97
1669991426,38,39,38,1017,9,0,1.972,57.2,1.972
1669991430,38,39,38,1935,1760,1784,1.973,57.26666667,1.973
1669991438,38,39,38,1948,1788,1797,1.976,57.4,1.976
1669991442,38,39,38,1591,470,485,1.977,57.46666667,1.977
1669991446,38,39,38,1946,1544,1656,1.979,57.53333333,1.979
1669991450,38,39,38,1907,1695,1773,1.98,57.6,1.98
1669991454,38,39,38,927,153,259,1.982,57.66666667,1.982
1669991458,38,39,38,953,106,104,1.983,57.73333333,1.983
1669991462,38,39,38,1943,1247,1311,1.986,57.8,1.986
1669991466,38,39,38,1655,1494,1535,1.987,57.86666667,1.987
1669991470,38,39,38,1949,1671,1770,1.989,57.93333333,1.989
1669991474,38,39,38,1805,163,108,1.99,58,1.99
1669991478,38,39,38,1598,782,686,1.993,58.06666667,1.993
1669991482,38,39,38,1494,423,435,1.994,58.13333333,1.994
1669991486,38,39,38,1236,289,294,1.996,58.2,1.996
1669991490,38,39,38,1947,1757,1791,1.999,58.26666667,1.999
1669991494,38,39,38,1864,1875,1951,2,58.33333333,2
1669991498,38,39,38,1236,296,386,2.002,58.4,2.002
1669991502,38,39,38,1639,1285,1311,2.004,58.46666667,2.004
1669991506,38,39,38,1882,76,94,2.006,58.53333333,2.006
1669991510,38,39,38,1948,1762,1799,2.009,58.6,2.009
1669991514,38,39,38,1594,565,572,2.01,58.66666667,2.01
1669991518,38,39,38,1947,1726,1784,2.013,58.73333333,2.013
1669991522,38,39,38,1588,440,476,2.016,58.8,2.016
1669991526,38,39,38,1948,1745,1776,2.017,58.86666667,2.017
1669991530,38,39,38,1597,575,597,2.02,58.93333333,2.02
1669991534,38,39,38,1947,1772,1770,2.023,59,2.023
1669991538,38,39,38,1804,521,534,2.024,59.06666667,2.024
1669991542,38,39,38,1943,1355,1364,2.027,59.13333333,2.027
1669991546,38,39,38,979,68,73,2.03,59.2,2.03
1669991550,38,39,38,1913,826,844,2.033,59.26666667,2.033
1669991554,38,39,38,1443,284,277,2.036,59.33333333,2.036
1669991558,38,39,38,979,24,29,2.038,59.4,2.038
1669991562,38,39,38,1948,1763,1784,2.041,59.46666667,2.041
1669991566,38,39,38,1768,1588,1662,2.044,59.53333333,2.044
1669991570,38,39,38,1185,261,247,2.047,59.6,2.047
1669991574,38,39,38,1948,1754,1793,2.05,59.66666667,2.05
1669991578,38,39,38,1948,1744,1796,2.054,59.73333333,2.054
1669991582,38,39,38,1469,281,341,2.057,59.8,2.057
1669991586,38,39,38,1598,649,652,2.061,59.86666667,2.061
1669991590,38,39,38,1880,555,551,2.064,59.93333333,2.064
1669991594,38,39,38,1896,697,681,2.068,60,2.068
1669991598,38,39,38,1701,1572,1596,2.072,60.06666667,2.072
1669991602,38,39,38,1630,1083,1105,2.077,60.13333333,2.077
1669991606,38,39,38,1908,760,794,2.081,60.2,2.081
1669991610,38,39,38,1609,787,846,2.087,60.26666667,2.087
1669991614,38,39,38,1908,54,50,2.091,60.33333333,2.091
1669991618,38,39,38,1946,1610,1607,2.097,60.4,2.097
1669991622,38,39,38,1667,1515,1526,2.102,60.46666667,2.102
1669991626,38,39,38,1920,861,862,2.109,60.53333333,2.109
1669991630,38,39,38,1946,1681,1707,2.116,60.6,2.116
1669991634,38,39,38,1108,250,236,2.123,60.66666667,2.123
1669991638,38,39,38,1637,1223,1236,2.132,60.73333333,2.132
1669991642,38,39,38,1921,44,32,2.142,60.8,2.142
1669991646,38,39,39,1946,1688,1706,2.153,60.86666667,2.153
1669991650,38,39,38,1659,1495,1514,2.165,60.93333333,2.165
1669991654,38,39,39,1898,697,674,2.18,61,2.18
1669991658,38,39,39,1938,1059,1059,2.199,61.06666667,2.199
1669991662,38,39,38,1598,619,621,2.223,61.13333333,2.223
1669991666,38,39,38,1608,809,832,2.255,61.2,2.255
1669991670,38,39,39,979,36,19,2.306,61.26666667,2.306
1669991674,38,39,39,1603,749,805,2.39,61.33333333,2.39
1669991678,38,39,39,2011,17,41,2.503,61.4,2.503
1669991682,38,39,38,979,83,89,2.139,61.46666667,2.139
1669991686,38,39,39,1944,1247,1229,1.931,61.53333333,1.931
1669991690,38,39,38,1004,139,153,1.877,61.6,1.877
1669991694,38,39,39,2230,44,38,1.846,61.66666667,1.846
1669991698,38,39,39,1949,1560,1585,1.826,61.73333333,1.826
1669991702,38,39,39,1950,1721,1745,1.81,61.8,1.81
1669991706,38,39,39,1030,249,220,1.799,61.86666667,1.799
1669991710,38,39,39,1906,745,727,1.787,61.93333333,1.787
1669991714,38,39,39,1606,782,800,1.779,62,1.779
1669991718,38,39,38,1936,1027,1047,1.772,62.06666667,1.772
1669991722,38,39,38,1947,1559,1596,1.765,62.13333333,1.765
1669991726,38,39,38,966,0,65,1.759,62.2,1.759
1669991730,38,39,38,1892,616,635,1.753,62.26666667,1.753
1669991734,38,39,38,1612,889,908,1.749,62.33333333,1.749
1669991738,38,39,38,2063,36,52,1.744,62.4,1.744
1669991742,38,39,39,1947,1697,1717,1.739,62.46666667,1.739
1669991746,38,39,38,979,41,23,1.735,62.53333333,1.735
1669991750,38,39,38,1185,267,273,1.731,62.6,1.731
1669991754,38,39,38,1950,1722,1780,1.727,62.66666667,1.727
1669991758,38,39,38,1777,1612,1627,1.724,62.73333333,1.724
1669991762,38,39,38,1417,318,324,1.719,62.8,1.719
1669991766,38,39,38,1930,950,966,1.717,62.86666667,1.717
1669991770,38,39,38,2063,21,2,1.714,62.93333333,1.714
1669991774,38,39,38,1892,605,609,1.71,63,1.71
1669991778,38,39,38,1908,49,54,1.707,63.06666667,1.707
1669991782,38,39,38,1950,1732,1746,1.704,63.13333333,1.704
1669991786,38,39,38,1648,1159,1162,1.701,63.2,1.701
1669991790,38,39,38,1916,817,794,1.698,63.26666667,1.698
1669991794,38,39,38,1943,1144,1145,1.695,63.33333333,1.695
1669991798,38,39,38,1766,187,185,1.692,63.4,1.692
1669991802,38,39,38,1017,0,0,1.69,63.46666667,1.69
1669991806,38,39,38,1948,1627,1629,1.687,63.53333333,1.687
1669991810,38,39,38,1948,1747,1784,1.685,63.6,1.685
1669991814,38,39,38,979,25,23,1.683,63.66666667,1.683
1669991818,38,39,38,1946,1368,1378,1.68,63.73333333,1.68
1669991822,38,39,38,1946,1365,1386,1.678,63.8,1.678
1669991826,38,39,38,1494,273,303,1.675,63.86666667,1.675
1669991830,38,39,38,2063,3,0,1.673,63.93333333,1.673
1669991834,38,39,38,1946,1367,1385,1.671,64,1.671
1669991838,38,39,38,1950,1742,1750,1.668,64.06666667,1.668
1669991842,38,39,38,1430,337,347,1.667,64.13333333,1.667
1669991846,38,39,38,1943,1158,1157,1.664,64.2,1.664
1669991850,38,39,38,979,0,6,1.661,64.26666667,1.661
1669991854,38,39,38,1903,689,687,1.66,64.33333333,1.66
1669991858,38,39,38,1596,566,576,1.657,64.4,1.657
1669991862,38,39,38,1944,1232,1249,1.656,64.46666667,1.656
1669991866,38,39,38,1950,1746,1789,1.654,64.53333333,1.654
1669991870,38,39,38,979,53,107,1.651,64.6,1.651
1669991874,38,39,38,1056,133,215,1.649,64.66666667,1.649
1669991878,38,39,38,1949,1714,1706,1.647,64.73333333,1.647
1669991882,38,39,38,1947,1657,1658,1.646,64.8,1.646
1669991886,38,39,38,1591,493,516,1.643,64.86666667,1.643
1669991890,38,39,38,1598,587,585,1.641,64.93333333,1.641
1669991894,38,39,38,1905,748,756,1.64,65,1.64
1669991898,38,39,38,1639,1236,1253,1.637,65.06666667,1.637
1669991902,38,39,38,1591,453,478,1.636,65.13333333,1.636
1669991906,38,39,38,1943,1123,1140,1.633,65.2,1.633
1669991910,38,39,38,1949,1739,1755,1.632,65.26666667,1.632
1669991914,38,39,38,1185,239,252,1.629,65.33333333,1.629
1669991918,38,39,38,1946,1299,1306,1.627,65.4,1.627
1669991922,38,39,38,1275,315,315,1.624,65.46666667,1.624
1669991926,38,39,38,1947,1477,1523,1.623,65.53333333,1.623
1669991930,38,39,38,1494,401,410,1.62,65.6,1.62
1669991934,38,39,38,1589,429,455,1.617,65.66666667,1.617
1669991938,38,39,38,1004,172,164,1.616,65.73333333,1.616
1669991942,38,39,38,1635,1219,1236,1.613,65.8,1.613
1669991946,38,39,38,1082,21,27,1.61,65.86666667,1.61
1669991950,38,39,38,1950,1729,1776,1.607,65.93333333,1.607
1669991954,38,39,38,1641,1302,1326,1.603,66,1.603
1669991958,38,39,38,1920,880,888,1.6,66.06666667,1.6
1669991962,38,39,38,1443,228,216,1.596,66.13333333,1.596
1669991966,38,39,38,966,41,64,1.592,66.2,1.592
1669991970,38,39,38,1950,1756,1780,1.588,66.26666667,1.588
1669991974,38,39,38,1915,1761,1793,1.582,66.33333333,1.582
1669991978,38,39,38,979,13,12,1.576,66.4,1.576
1669991982,38,39,38,1945,1301,1278,1.568,66.46666667,1.568
1669991986,38,39,38,1942,1160,1120,1.558,66.53333333,1.558
1669991990,38,39,38,1942,1138,1107,1.545,66.6,1.545
1669991994,38,39,38,1601,655,681,1.527,66.66666667,1.527
1669991998,38,39,38,1901,637,656,1.494,66.73333333,1.494
1669992002,38,39,38,1915,810,820,1.434,66.8,1.434
1669992006,38,39,38,1632,1110,1121,1.297,66.86666667,1.297
1669992010,38,39,38,1598,613,615,1.167,66.93333333,1.167
1669992014,38,39,38,1931,954,950,1.144,67,1.144
1669992018,38,39,38,1947,1450,1469,1.133,67.06666667,1.133
1669992022,38,39,38,1004,0,0,1.123,67.13333333,1.123
1669992026,38,39,38,1546,381,386,1.12,67.2,1.12
1669992030,38,39,38,1623,1001,1021,1.121,67.26666667,1.121
1669992034,38,39,38,1959,0,0,1.114,67.33333333,1.114
1669992038,38,39,38,1949,1575,1577,1.107,67.4,1.107
1669992042,38,39,38,2230,0,0,1.097,67.46666667,1.097
1669992046,38,39,38,1804,502,496,1.086,67.53333333,1.086
1669992050,38,39,38,1610,852,884,1.069,67.6,1.069
1669992054,38,39,38,1004,0,0,1.039,67.66666667,1.039
1669992058,38,39,38,1783,1592,1611,1.018,67.73333333,1.018
1669992062,38,39,38,1918,816,891,0.999,67.8,0.999
1669992066,38,39,38,2063,394,394,1.691,67.86666667,1.691
1669992070,38,39,38,1617,875,864,1.846,67.93333333,1.846
1669992074,38,39,38,1944,1225,1233,1.863,68,1.863
1669992078,38,39,38,979,0,0,1.878,68.06666667,1.878
1669992082,38,39,38,1892,527,540,1.891,68.13333333,1.891
1669992086,38,39,38,1614,850,864,1.902,68.2,1.902
1669992090,38,39,38,1069,1,0,1.912,68.26666667,1.912
1669992094,38,39,38,1948,1649,1672,1.919,68.33333333,1.919
1669992098,38,39,38,1601,642,664,1.925,68.4,1.925
1669992102,38,39,38,1946,1536,1523,1.929,68.46666667,1.929
1669992106,38,39,38,1639,1196,1233,1.932,68.53333333,1.932
1669992110,38,39,38,1932,954,956,1.935,68.6,1.935
1669992114,38,39,38,1882,0,3,1.936,68.66666667,1.936
1669992118,38,39,38,966,73,172,1.939,68.73333333,1.939
1669992122,38,39,38,1837,1682,1681,1.941,68.8,1.941
1669992126,38,39,38,1602,679,698,1.942,68.86666667,1.942
1669992130,38,39,38,1942,1121,1101,1.942,68.93333333,1.942
1669992134,38,39,38,1948,1689,1759,1.943,69,1.943
1669992138,38,39,38,1069,147,146,1.945,69.06666667,1.945
1669992142,38,39,38,1912,746,735,1.945,69.13333333,1.945
1669992146,38,39,38,1603,716,693,1.946,69.2,1.946
1669992150,38,39,39,1923,1005,1040,1.948,69.26666667,1.948
1669992154,38,39,38,1938,993,1029,1.948,69.33333333,1.948
1669992158,38,39,38,1606,746,764,1.949,69.4,1.949
1669992162,38,39,38,1598,574,628,1.951,69.46666667,1.951
1669992166,38,39,38,1895,645,610,1.952,69.53333333,1.952
1669992170,38,39,38,1901,695,710,1.952,69.6,1.952
1669992174,38,39,39,1672,1613,1623,1.953,69.66666667,1.953
1669992178,38,39,38,1629,1056,1066,1.955,69.73333333,1.955
1669992182,38,39,38,1896,636,647,1.955,69.8,1.955
1669992186,38,39,38,1631,1211,1239,1.956,69.86666667,1.956
1669992190,38,39,39,1598,593,574,1.958,69.93333333,1.958
1669992194,38,39,39,1917,839,852,1.959,70,1.959
1669992198,38,39,39,1930,1063,1083,1.96,70.06666667,1.96
1669992202,38,39,39,1631,1083,1138,1.96,70.13333333,1.96
1669992206,38,39,39,1618,948,958,1.962,70.2,1.962
1669992210,38,39,39,1901,813,832,1.963,70.26666667,1.963
1669992214,38,39,39,1938,1003,1056,1.965,70.33333333,1.965
1669992218,38,39,39,1856,121,91,1.965,70.4,1.965
1669992222,38,39,39,1946,1764,1785,1.966,70.46666667,1.966
1669992226,38,39,39,1653,1429,1436,1.968,70.53333333,1.968
1669992230,38,39,39,1923,879,900,1.969,70.6,1.969
1669992234,38,39,39,1948,1894,1877,1.97,70.66666667,1.97
1669992238,38,39,39,1546,427,394,1.972,70.73333333,1.972
1669992242,38,39,39,1946,1423,1456,1.973,70.8,1.973
1669992246,38,39,39,1133,321,315,1.975,70.86666667,1.975
1669992250,38,39,39,1938,1041,1077,1.976,70.93333333,1.976
1669992254,38,39,39,2063,30,26,1.979,71,1.979
1669992258,38,39,39,1946,1700,1657,1.98,71.06666667,1.98
1669992262,38,39,39,1948,1716,1746,1.982,71.13333333,1.982
1669992266,38,39,39,979,132,86,1.983,71.2,1.983
1669992270,38,39,39,1417,456,453,1.985,71.26666667,1.985
1669992274,39,39,39,1655,1452,1465,1.987,71.33333333,1.987
1669992278,38,39,39,1596,577,570,1.989,71.4,1.989
1669992282,38,39,39,1942,1207,1212,1.99,71.46666667,1.99
1669992286,38,39,39,1946,1692,1730,1.992,71.53333333,1.992
1669992290,38,39,39,979,90,85,1.993,71.6,1.993
1669992294,38,39,39,1837,1880,1822,1.996,71.66666667,1.996
1669992298,38,39,39,1606,755,776,1.997,71.73333333,1.997
1669992302,38,39,39,1939,1075,1092,1.999,71.8,1.999
1669992306,38,39,39,1946,1792,1810,2,71.86666667,2
1669992310,38,39,39,979,29,27,2.003,71.93333333,2.003
1669992314,38,39,39,1778,498,502,2.004,72,2.004
1669992318,38,39,39,1617,1010,1000,2.006,72.06666667,2.006
1669992322,38,39,39,1938,1047,1052,2.009,72.13333333,2.009
1669992330,38,39,39,1855,579,564,2.013,72.26666667,2.013
1669992334,38,39,39,1946,1565,1571,2.014,72.33333333,2.014
1669992338,38,39,39,1494,359,361,2.017,72.4,2.017
1669992342,38,39,39,1945,1507,1569,2.019,72.46666667,2.019
1669992346,38,39,39,953,121,112,2.021,72.53333333,2.021
1669992350,38,39,39,1909,774,788,2.024,72.6,2.024
1669992354,38,39,39,1611,850,873,2.027,72.66666667,2.027
1669992358,38,39,39,1546,378,373,2.028,72.73333333,2.028
1669992362,38,39,39,1934,1108,1017,2.031,72.8,2.031
1669992366,38,39,39,1520,319,318,2.034,72.86666667,2.034
1669992370,39,39,39,979,25,24,2.037,72.93333333,2.037
1669992374,38,39,39,1757,1603,1573,2.04,73,2.04
1669992378,38,39,39,1921,83,61,2.043,73.06666667,2.043
1669992382,38,39,39,1901,1746,1771,2.045,73.13333333,2.045
1669992386,38,39,39,1779,201,212,2.05,73.2,2.05
1669992390,38,39,39,1948,1751,1768,2.053,73.26666667,2.053
1669992394,38,39,39,1614,826,888,2.055,73.33333333,2.055
1669992398,38,39,39,1940,1100,1133,2.06,73.4,2.06
1669992402,38,39,39,2088,2,0,2.064,73.46666667,2.064
1669992406,38,39,39,1108,219,224,2.067,73.53333333,2.067
1669992410,38,39,39,1714,1562,1599,2.071,73.6,2.071
1669992414,38,39,39,1607,798,821,2.077,73.66666667,2.077
1669992418,39,39,39,1917,855,837,2.081,73.73333333,2.081
1669992422,38,39,39,1942,1141,1148,2.087,73.8,2.087
1669992426,38,39,39,1818,116,131,2.091,73.86666667,2.091
1669992430,38,39,39,1943,1224,1222,2.097,73.93333333,2.097
1669992434,38,39,39,1946,1636,1665,2.102,74,2.102
1669992438,38,39,39,1882,50,53,2.109,74.06666667,2.109
1669992442,38,39,39,1856,124,116,2.116,74.13333333,2.116
1669992446,38,39,39,1918,852,882,2.123,74.2,2.123
1669992450,38,39,39,1928,1065,1073,2.133,74.26666667,2.133
1669992454,38,39,39,1606,778,809,2.143,74.33333333,2.143
1669992458,38,39,39,1856,117,112,2.155,74.4,2.155
1669992462,38,39,39,1946,1487,1522,2.167,74.46666667,2.167
1669992466,38,39,39,1755,1590,1618,2.182,74.53333333,2.182
1669992470,38,39,39,1915,801,859,2.201,74.6,2.201
1669992474,38,39,39,1779,170,191,2.226,74.66666667,2.226
1669992478,38,39,39,940,92,118,2.258,74.73333333,2.258
1669992482,38,39,39,1650,1511,1477,2.311,74.8,2.311
1669992486,38,39,39,1959,78,87,2.4,74.86666667,2.4
1669992490,38,39,39,1948,1751,1662,2.554,74.93333333,2.554
1669992494,38,39,39,1627,1080,1091,2.155,75,2.155
1669992498,38,39,39,979,0,0,1.932,75.06666667,1.932
1669992502,38,39,39,1030,0,2,1.877,75.13333333,1.877
1669992506,38,39,39,1887,592,600,1.847,75.2,1.847
1669992510,38,39,39,1610,855,863,1.827,75.26666667,1.827
1669992514,38,39,39,2011,25,23,1.812,75.33333333,1.812
1669992518,38,39,39,1946,1497,1505,1.8,75.4,1.8
1669992522,38,39,39,1950,1732,1755,1.79,75.46666667,1.79
1669992526,38,39,39,979,21,15,1.782,75.53333333,1.782
1669992530,38,39,39,979,41,63,1.773,75.6,1.773
1669992534,38,39,39,1943,1110,1149,1.768,75.66666667,1.768
1669992538,38,39,39,1926,950,963,1.761,75.73333333,1.761
1669992542,38,39,39,1726,1575,1598,1.755,75.8,1.755
1669992546,38,39,39,979,154,147,1.749,75.86666667,1.749
1669992550,38,39,39,1340,336,351,1.745,75.93333333,1.745
1669992554,38,39,39,1793,1657,1680,1.741,76,1.741
1669992558,38,39,39,1618,966,959,1.736,76.06666667,1.736
1669992562,39,39,39,1906,755,755,1.732,76.13333333,1.732
1669992566,38,39,39,1709,1596,1590,1.728,76.2,1.728
1669992570,38,39,39,1671,1541,1617,1.724,76.26666667,1.724
1669992574,39,39,39,979,41,33,1.719,76.33333333,1.719
1669992578,38,39,39,2063,46,41,1.717,76.4,1.717
1669992582,38,39,39,1903,761,719,1.712,76.46666667,1.712
1669992586,38,39,39,1830,515,540,1.71,76.53333333,1.71
1669992590,38,39,39,1912,1741,1843,1.707,76.6,1.707
1669992594,38,39,39,1654,1448,1465,1.702,76.66666667,1.702
1669992598,38,39,39,2063,490,501,1.7,76.73333333,1.7
1669992602,38,39,39,1911,669,801,1.695,76.8,1.695
1669992606,39,39,39,1639,1260,1287,1.692,76.86666667,1.692
1669992610,38,39,39,1391,377,381,1.69,76.93333333,1.69
1669992614,38,39,39,1572,452,453,1.687,77,1.687
1669992618,39,39,39,1950,1725,1746,1.684,77.06666667,1.684
1669992622,38,39,39,1950,1772,1800,1.681,77.13333333,1.681
1669992626,38,39,39,1430,181,230,1.678,77.2,1.678
1669992630,39,39,39,1596,557,569,1.675,77.26666667,1.675
1669992634,38,39,39,1888,599,601,1.673,77.33333333,1.673
1669992638,38,39,39,1893,640,646,1.67,77.4,1.67
1669992642,38,39,39,1784,1617,1730,1.667,77.46666667,1.667
1669992646,38,39,39,1004,193,194,1.664,77.53333333,1.664
1669992650,38,39,39,1133,255,226,1.661,77.6,1.661
1669992654,38,39,39,1185,237,246,1.658,77.66666667,1.658
1669992658,38,39,39,1948,1706,1753,1.656,77.73333333,1.656
1669992662,38,39,39,1805,149,152,1.653,77.8,1.653
1669992666,38,39,39,1908,87,93,1.65,77.86666667,1.65
1669992670,38,39,39,1938,1054,1062,1.647,77.93333333,1.647
1669992674,38,39,39,1942,1091,1112,1.643,78,1.643
1669992678,38,39,39,1613,897,929,1.64,78.06666667,1.64
1669992682,38,39,39,1572,448,464,1.637,78.13333333,1.637
1669992686,38,39,39,1417,396,389,1.634,78.2,1.634
1669992690,38,39,39,1950,1740,1773,1.63,78.26666667,1.63
1669992694,39,39,39,1950,1789,1810,1.626,78.33333333,1.626
1669992698,38,39,39,1030,35,64,1.623,78.4,1.623
1669992702,39,39,39,979,93,11,1.619,78.46666667,1.619
1669992706,38,39,39,1950,1774,1797,1.615,78.53333333,1.615
1669992710,38,39,39,1810,1685,1647,1.609,78.6,1.609
1669992714,39,39,39,1236,257,271,1.603,78.66666667,1.603
1669992718,38,39,39,1752,540,514,1.598,78.73333333,1.598
1669992722,38,39,39,1901,1739,1797,1.59,78.8,1.59
1669992726,38,39,39,1881,1747,1802,1.582,78.86666667,1.582
1669992730,38,39,39,1004,5,95,1.572,78.93333333,1.572
1669992734,38,39,39,1942,1093,1138,1.559,79,1.559
1669992738,39,39,39,1926,882,917,1.541,79.06666667,1.541
1669992742,38,39,39,1843,1725,1707,1.514,79.13333333,1.514
1669992746,38,39,39,1950,1690,1789,1.469,79.2,1.469
1669992750,38,39,39,1805,200,199,1.381,79.26666667,1.381
1669992754,38,39,39,1595,572,600,1.215,79.33333333,1.215
1669992758,38,39,39,2063,473,492,1.165,79.4,1.165
1669992762,38,39,39,1340,335,331,1.148,79.46666667,1.148
1669992766,38,39,39,1949,1755,1783,1.134,79.53333333,1.134
1669992770,38,39,39,1882,92,99,1.123,79.6,1.123
1669992774,39,39,39,1805,142,166,1.108,79.66666667,1.108
1669992778,38,39,39,1918,842,884,1.093,79.73333333,1.093
1669992782,38,39,39,1913,827,840,1.067,79.8,1.067
1669992786,39,39,39,1787,1644,1685,1.036,79.86666667,1.036
1669992790,38,0,39,1809,1668,1704,1.012,79.93333333,1.012
1669992794,38,39,39,953,164,166,0.987,80,0.987
1669992798,38,39,39,1391,353,376,1.71,80.06666667,1.71
1669992802,38,39,39,1949,1764,1789,1.873,80.13333333,1.873
1669992806,38,39,39,1004,12,18,1.89,80.2,1.89
1669992810,38,39,39,966,37,78,1.904,80.26666667,1.904
1669992814,38,39,39,1947,1731,1779,1.918,80.33333333,1.918
1669992818,38,39,39,1947,1768,1813,1.929,80.4,1.929
1669992822,38,39,39,1030,0,0,1.939,80.46666667,1.939
1669992826,38,39,39,1942,1037,1199,1.946,80.53333333,1.946
1669992830,38,39,39,1946,1493,1533,1.952,80.6,1.952
1669992834,38,39,39,1947,1733,1750,1.956,80.66666667,1.956
1669992838,38,39,39,979,27,37,1.96,80.73333333,1.96
1669992842,38,39,39,1946,1712,1752,1.963,80.8,1.963
1669992846,39,39,39,1004,16,1,1.965,80.86666667,1.965
1669992850,38,39,39,1108,236,249,1.968,80.93333333,1.968
1669992854,38,39,39,1899,726,734,1.969,81,1.969
1669992858,39,39,39,1637,1218,1236,1.97,81.06666667,1.97
1669992862,38,39,39,1288,337,349,1.972,81.13333333,1.972
1669992866,38,39,39,1120,253,262,1.972,81.2,1.972
1669992870,38,39,39,1946,1540,1565,1.973,81.26666667,1.973
1669992874,38,39,39,1943,1307,1329,1.975,81.33333333,1.975
1669992878,38,39,39,1596,589,598,1.976,81.4,1.976
1669992882,39,39,39,1856,92,98,1.977,81.46666667,1.977
1669992886,38,39,39,1945,1419,1497,1.979,81.53333333,1.979
1669992890,38,39,39,1853,1742,1772,1.98,81.6,1.98
1669992894,39,39,39,1886,585,610,1.982,81.66666667,1.982
1669992898,38,39,39,1618,954,926,1.982,81.73333333,1.982
1669992902,38,39,39,1546,367,376,1.983,81.8,1.983
1669992906,38,39,39,1546,356,372,1.985,81.86666667,1.985
1669992910,38,39,39,1791,524,543,1.986,81.93333333,1.986
1669992914,38,39,39,1946,1578,1599,1.987,82,1.987
1669992918,38,39,39,1920,929,902,1.989,82.06666667,1.989
1669992922,38,39,39,1946,1649,1636,1.99,82.13333333,1.99
1669992926,38,39,39,1920,917,946,1.992,82.2,1.992
1669992930,39,39,39,1947,1711,1780,1.993,82.26666667,1.993
1669992934,38,39,39,1629,1109,1123,1.994,82.33333333,1.994
1669992938,38,39,39,1918,1735,1748,1.996,82.4,1.996
1669992942,39,39,39,1856,118,121,1.997,82.46666667,1.997
1669992946,38,39,39,1443,257,278,1.999,82.53333333,1.999
1669992950,38,39,39,1938,1100,1109,2,82.6,2
1669992954,39,39,39,1946,1584,1605,2.003,82.66666667,2.003
1669992958,38,39,39,979,42,39,2.004,82.73333333,2.004
1669992962,38,39,39,1133,253,261,2.006,82.8,2.006
1669992966,39,39,39,1949,1736,1792,2.007,82.86666667,2.007
1669992970,38,39,39,979,58,55,2.01,82.93333333,2.01
1669992974,38,39,39,1236,297,319,2.011,83,2.011
1669992978,38,39,39,1642,1336,1358,2.014,83.06666667,2.014
1669992982,38,39,39,1959,53,124,2.017,83.13333333,2.017
1669992986,38,39,39,1950,1764,1805,2.019,83.2,2.019
1669992990,38,39,39,1603,744,756,2.021,83.26666667,2.021
1669992994,38,39,39,1942,1195,1213,2.023,83.33333333,2.023
1669992998,38,39,39,1948,1764,1791,2.026,83.4,2.026
1669993002,38,39,39,1030,0,0,2.028,83.46666667,2.028
1669993006,38,39,39,1945,1290,1324,2.03,83.53333333,2.03
1669993010,38,39,39,1944,1420,1427,2.033,83.6,2.033
1669993014,38,39,39,1588,415,443,2.036,83.66666667,2.036
1669993018,38,39,39,1494,340,338,2.038,83.73333333,2.038
1669993022,38,39,39,1928,942,971,2.041,83.8,2.041
1669993026,39,39,39,1938,1083,1078,2.044,83.86666667,2.044
1669993030,38,39,39,1615,960,940,2.048,83.93333333,2.048
1669993034,39,39,39,1620,1017,1050,2.051,84,2.051
1669993038,38,39,39,1030,215,198,2.054,84.06666667,2.054
1669993042,38,39,39,966,88,93,2.058,84.13333333,2.058
1669993046,39,39,39,1941,1166,1183,2.061,84.2,2.061
1669993050,38,39,39,1614,884,914,2.064,84.26666667,2.064
1669993054,38,39,39,1615,912,927,2.068,84.33333333,2.068
1669993058,38,39,39,1879,556,569,2.072,84.4,2.072
1669993062,39,39,39,1908,748,766,2.077,84.46666667,2.077
1669993066,38,39,39,1630,1143,1138,2.082,84.53333333,2.082
1669993070,39,39,39,1591,405,401,2.087,84.6,2.087
1669993074,39,39,39,1939,1092,1104,2.092,84.66666667,2.092
1669993078,38,39,39,1591,508,461,2.097,84.73333333,2.097
1669993082,38,39,39,1882,71,79,2.104,84.8,2.104
1669993086,39,39,39,1942,1060,1091,2.109,84.86666667,2.109
1669993090,39,39,39,1942,1212,1244,2.116,84.93333333,2.116
1669993094,39,39,39,1589,460,449,2.123,85,2.123
1669993098,39,39,39,1494,326,344,2.132,85.06666667,2.132
1669993102,39,39,39,1912,793,826,2.142,85.13333333,2.142
1669993106,39,39,39,1900,715,720,2.152,85.2,2.152
1669993110,39,39,39,1948,1745,1767,2.165,85.26666667,2.165
1669993114,39,39,39,1930,967,1004,2.18,85.33333333,2.18
1669993118,39,39,39,1946,1527,1585,2.199,85.4,2.199
1669993122,39,39,39,1909,746,762,2.223,85.46666667,2.223
1669993126,39,39,39,1946,1551,1585,2.257,85.53333333,2.257
1669993130,39,39,39,1631,1171,1188,2.312,85.6,2.312
1669993134,39,39,39,1670,1538,1552,2.42,85.66666667,2.42
1669993138,39,39,39,1082,247,253,2.625,85.73333333,2.625
1669993142,39,39,39,1913,1880,1907,2.162,85.8,2.162
1669993146,39,39,39,1921,875,882,1.929,85.86666667,1.929
1669993150,39,39,39,1133,253,280,1.874,85.93333333,1.874
1669993154,39,39,39,1236,299,288,1.844,86,1.844
1669993158,39,39,39,1949,1758,1784,1.823,86.06666667,1.823
1669993162,39,39,39,1948,1614,1646,1.809,86.13333333,1.809
1669993166,39,39,39,1417,208,202,1.796,86.2,1.796
1669993170,39,39,39,1918,846,877,1.786,86.26666667,1.786
1669993174,39,39,39,1923,938,926,1.776,86.33333333,1.776
1669993178,39,39,39,1626,1195,1216,1.769,86.4,1.769
1669993182,39,39,39,1602,734,766,1.762,86.46666667,1.762
1669993186,39,39,39,1907,782,785,1.755,86.53333333,1.755
1669993190,39,39,39,1921,1000,1021,1.749,86.6,1.749
1669993194,39,39,39,1645,1387,1430,1.744,86.66666667,1.744
1669993198,39,39,39,1631,1145,1171,1.738,86.73333333,1.738
1669993202,39,39,39,1804,648,678,1.734,86.8,1.734
1669993206,39,39,39,1743,1642,1666,1.728,86.86666667,1.728
1669993210,38,39,39,1631,1175,1214,1.724,86.93333333,1.724
1669993214,38,39,39,1887,715,714,1.719,87,1.719
1669993218,38,39,39,1923,939,942,1.715,87.06666667,1.715
1669993222,38,39,39,1943,1214,1229,1.711,87.13333333,1.711
1669993226,38,39,39,1443,331,347,1.707,87.2,1.707
1669993230,39,39,39,1935,1013,1053,1.704,87.26666667,1.704
1669993234,39,39,39,1940,1077,1098,1.7,87.33333333,1.7
1669993238,38,39,39,1655,1636,1647,1.695,87.4,1.695
1669993242,38,39,39,1950,1788,1812,1.691,87.46666667,1.691
1669993246,39,39,39,1616,913,929,1.688,87.53333333,1.688
1669993250,38,39,39,1868,1868,1884,1.684,87.6,1.684
1669993254,39,39,39,1856,134,128,1.681,87.66666667,1.681
1669993262,38,39,39,1903,870,884,1.673,87.8,1.673
1669993266,39,39,39,1652,1420,1535,1.668,87.86666667,1.668
1669993270,39,39,39,1600,714,743,1.666,87.93333333,1.666
1669993274,39,39,39,1943,1351,1338,1.661,88,1.661
1669993278,39,39,39,1950,1805,1805,1.657,88.06666667,1.657
1669993282,39,39,39,1520,431,448,1.653,88.13333333,1.653
1669993286,39,39,39,1945,1345,1369,1.647,88.2,1.647
1669993290,38,39,39,1017,0,34,1.643,88.26666667,1.643
1669993294,39,39,39,966,143,155,1.637,88.33333333,1.637
1669993298,39,39,39,1950,1912,1976,1.632,88.4,1.632
1669993302,38,39,39,1172,293,298,1.624,88.46666667,1.624
1669993306,38,39,39,1920,894,909,1.617,88.53333333,1.617
1669993310,38,39,39,1587,474,518,1.61,88.6,1.61
1669993314,38,39,39,1017,31,49,1.599,88.66666667,1.599
1669993318,39,39,39,1946,1294,1322,1.588,88.73333333,1.588
1669993322,38,40,39,1942,1225,1286,1.573,88.8,1.573
1669993326,38,39,39,1706,1569,1594,1.555,88.86666667,1.555
1669993330,38,39,39,1108,162,73,1.527,88.93333333,1.527
1669993334,38,39,39,1597,697,680,1.486,89,1.486
1669993338,38,39,39,1211,289,300,1.403,89.06666667,1.403
1669993342,38,39,39,1004,189,195,1.223,89.13333333,1.223
1669993346,38,39,39,1948,1729,1755,1.161,89.2,1.161
1669993350,38,39,39,1944,1313,1321,1.134,89.26666667,1.134
1669993354,38,39,39,1627,1096,1123,1.104,89.33333333,1.104
1669993358,38,39,39,953,225,229,1.069,89.4,1.069
1669993362,38,39,39,979,81,62,1.035,89.46666667,1.035
1669993366,38,39,39,1946,1465,1486,1.005,89.53333333,1.005
1669993370,38,39,39,1946,1473,1475,0.978,89.6,0.978
