fitness,diffusion,ano_rate,cat_rate,resistance,conc_ano,conc_cato,offset_chrg,offset_dischrg
205.54234,0.000000000007389188,0.000006314155,0.000007703563,0.21810913,567.17255,370.2962,0,0
205.66298,0.000000000007435698,0.0000063324833,0.000007654951,0.22436386,567.06506,371.45267,0,0
205.73137,0.00000000000745873,0.0000063183415,0.000007713619,0.21556666,572.3526,363.92944,0,0
205.89209,0.00000000000736895,0.000006277052,0.0000076258684,0.22265193,569.61536,370.20078,0,0
205.97633,0.000000000007419989,0.000006347794,0.000007646716,0.22096537,567.13336,371.58884,0,0
206.00235,0.000000000007456703,0.0000063213456,0.000007659602,0.2244916,566.7554,372.4661,0,0
206.10228,0.000000000007373903,0.0000063348202,0.000007681375,0.21835901,568.71344,369.60358,0,0
206.26791,0.0000000000073574575,0.0000062799577,0.000007625835,0.22182965,567.3981,373.25696,0,0
206.31873,0.000000000007407621,0.000006305698,0.000007715553,0.21787973,567.3637,370.30826,0,0
206.36618,0.000000000007439978,0.0000063172547,0.00000764722,0.22453216,566.85095,372.65018,0,0
206.63055,0.000000000007362138,0.000006292245,0.000007642611,0.2218289,569.5931,371.51633,0,0
206.63055,0.000000000007362138,0.000006292245,0.000007642611,0.2218289,569.5931,371.51633,0,0
206.69037,0.00000000000740059,0.000006305553,0.000007715767,0.21788973,567.36176,371.38486,0,0
206.69304,0.000000000007400669,0.000006305648,0.000007715775,0.21790278,567.3552,371.39758,0,0
206.70274,0.000000000007400465,0.0000063055795,0.000007715497,0.21790996,567.36694,371.41513,0,0
206.70645,0.000000000007400527,0.000006305507,0.000007715546,0.21791346,567.37604,371.41064,0,0
206.70985,0.0000000000074006174,0.0000063057187,0.000007715933,0.21788691,567.356,371.42102,0,0
206.71245,0.000000000007400473,0.0000063054654,0.000007715774,0.21790032,567.3757,371.41846,0,0
206.7242,0.0000000000074189994,0.0000062892404,0.000007668685,0.21916194,567.5581,371.80975,0,0
206.79831,0.000000000007465219,0.0000063130765,0.000007709766,0.21374092,573.42816,363.74695,0,0
206.85265,0.000000000007394746,0.0000063024813,0.000007719503,0.21756405,567.4786,371.72424,0,0
206.94798,0.000000000007449083,0.000006309121,0.000007645302,0.22289805,567.8358,372.81088,0,0
207.02066,0.000000000007384938,0.000006311735,0.000007676491,0.21905603,568.4016,372.12723,0,0
207.05861,0.000000000007403391,0.0000062967374,0.000007676975,0.21749403,568.6036,370.46356,0,0
207.07805,0.000000000007361992,0.0000062921586,0.0000076282727,0.22237979,569.5948,372.46143,0,0
207.10956,0.000000000007417988,0.0000063107486,0.0000076976285,0.22081076,567.157,373.6185,0,0
207.28127,0.000000000007406252,0.000006310208,0.000007677833,0.21800268,567.0295,372.4413,0,0
207.31444,0.000000000007370262,0.000006303388,0.000007637713,0.22165036,568.72723,373.00394,0,0
207.3532,0.000000000007386372,0.0000063121406,0.000007704244,0.21523707,566.7311,372.78497,0,0
207.39429,0.000000000007423385,0.0000063149755,0.000007685773,0.21860494,570.0219,370.16522,0,0
207.40616,0.000000000007389929,0.000006309765,0.000007665502,0.22419165,568.00635,374.8718,0,0
207.43152,0.000000000007415443,0.0000062954864,0.000007643678,0.22035742,567.1876,374.09073,0,0
207.43497,0.00000000000742612,0.00000631128,0.000007710671,0.2166137,570.55194,368.89584,0,0
207.52585,0.000000000007362164,0.0000062921495,0.000007634049,0.22182105,569.5909,373.02283,0,0
207.52878,0.0000000000073621794,0.000006292078,0.000007633645,0.22185428,569.5924,373.03745,0,0
207.53026,0.000000000007390031,0.0000063117227,0.00000765905,0.22090913,567.1411,374.81668,0,0
207.5345,0.000000000007362271,0.0000062922772,0.000007634124,0.22183456,569.57996,373.04733,0,0
207.55496,0.000000000007465599,0.0000062977174,0.000007673565,0.22016825,569.2325,370.57083,0,0
207.62245,0.000000000007361396,0.000006282374,0.000007639955,0.22230594,567.42896,375.6229,0,0
207.64464,0.00000000000744648,0.000006316581,0.000007652617,0.22377945,569.3296,372.95844,0,0
207.64584,0.0000000000073965434,0.0000063231228,0.000007683529,0.22246087,567.17474,375.2534,0,0
207.73267,0.0000000000073784616,0.000006313832,0.0000076281503,0.22331485,568.5113,373.99728,0,0
207.7997,0.000000000007464416,0.000006347895,0.000007714259,0.21620832,573.01215,366.412,0,0
207.80836,0.000000000007454702,0.0000063428465,0.000007681288,0.21531661,571.49866,367.75626,0,0
207.82538,0.000000000007417332,0.0000062935283,0.000007759804,0.21383226,568.20667,370.96594,0,0
207.86414,0.0000000000074049196,0.000006278966,0.000007665896,0.21881035,569.83734,371.06528,0,0
207.86444,0.000000000007418599,0.000006316668,0.000007688601,0.22064425,569.1255,372.79834,0,0
207.90169,0.000000000007398825,0.0000063130965,0.0000076646065,0.22461793,566.8496,376.7828,0,0
207.92084,0.000000000007451916,0.000006317017,0.000007705797,0.21531706,573.7451,366.3449,0,0
207.92195,0.000000000007451939,0.000006316955,0.00000770606,0.21528773,573.7411,366.33795,0,0
-1,0.000000000007435131,0.000006313728,0.000007694865,0.21797109,571.4251,370.52008,0,0
-1,0.000000000007416995,0.0000043448103,0.0000060394914,0.21887258,460.2677,308.63022,0,0
-1,0.000000000007552106,0.000009531151,0.00000992441,0.54413325,260.66803,270.2393,0,0
-1,0.000000000007399088,0.000007178132,0.000007349847,0.14375298,567.64545,586.9486,0,0
-1,0.000000000007387206,0.000006289968,0.000007651887,0.220365,408.67325,372.88605,0,0
-1,0.0000000000034674685,0.000009383533,0.000008239373,0.9068886,665.16785,625.80475,0,0
-1,0.000000000007372647,0.0000063066823,0.000007654841,0.22181775,568.22424,373.3495,0,0
-1,0.000000000007402193,0.000007085498,0.000008843662,0.2759225,569.04614,310.7789,0,0
-1,0.000000000009298421,0.0000068291697,0.000008003728,0.06592361,1207.6343,434.0141,0,0
-1,0.000000000008572468,0.0000067646533,0.000006914616,0.056296445,1120.4775,737.3636,0,0
-1,0.000000000008236218,0.000006714485,0.000007655197,0.39998037,406.85593,635.928,0,0
-1,0.00000000000731001,0.000008027543,0.00000682758,0.21933429,754.00256,311.21616,0,0
-1,0.000000000006322296,0.0000056881863,0.000007681074,0.27460784,462.12912,399.07968,0,0
-1,0.000000000007397828,0.000006313788,0.000007716911,0.12978277,407.6209,309.45218,0,0
-1,0.000000000007436697,0.0000063016955,0.000007694496,0.21902741,568.3009,370.43994,0,0
-1,0.000000000006050224,0.0000027021879,0.000007140703,0.66892415,957.04987,604.49005,0,0
-1,0.0000000000059901108,0.000006643641,0.000007853666,0.3111725,408.33173,412.30365,0,0
-1,0.000000000006986811,0.0000063733632,0.000007134195,0.3030891,1076.8448,673.01227,0,0
-1,0.0000000000057232717,0.000006375751,0.000006658842,0.31130055,438.0567,341.53088,0,0
-1,0.0000000000079163585,0.000004560532,0.00000929254,0.32497206,828.4188,342.57678,0,0
-1,0.000000000008133064,0.00000816861,0.000007656188,0.14701173,406.373,376.40967,0,0
-1,0.000000000007388848,0.0000063114708,0.000007667558,0.22026107,567.83215,373.2988,0,0
-1,0.0000000000065441415,0.0000069416706,0.000006985112,0.18956734,832.93945,501.79178,0,0
-1,0.000000000007421751,0.0000063107896,0.000007697682,0.22080605,567.161,373.0659,0,0
-1,0.000000000008919804,0.0000026481134,0.000008974677,0.09163468,588.7031,475.90775,0,0
-1,0.0000000000030209648,0.000004040837,0.0000056713693,0.3634379,463.73074,267.34927,0,0
-1,0.0000000000092251155,0.000005664774,0.000009186298,0.6274731,905.4054,458.8898,0,0
-1,0.000000000008715553,0.0000075122075,0.0000075773764,0.26687548,567.766,311.49524,0,0
-1,0.0000000000088800755,0.0000054498278,0.000007681428,0.32527062,1310.6898,323.4901,0,0
-1,0.000000000008708924,0.000006231552,0.0000088441075,0.29054007,892.8784,310.94696,0,0
-1,0.000000000003765595,0.0000024169788,0.0000097004995,0.9004181,1503.0941,260.8588,0,0
-1,0.000000000007379225,0.0000062977356,0.000007631291,0.22265917,569.4267,373.70883,0,0
-1,0.000000000007450252,0.0000063147518,0.000007672993,0.2186811,571.1908,369.55728,0,0
-1,0.000000000007376726,0.0000062972713,0.0000074031004,0.21939519,480.29224,373.80246,0,0
-1,0.0000000000039916824,0.0000063105313,0.000009229952,0.14395274,446.26514,291.581,0,0
-1,0.000000000007579265,0.000004794012,0.0000086797645,0.22335535,567.2574,331.66876,0,0
-1,0.0000000000073772585,0.0000063149055,0.000007683789,0.21866554,566.93286,375.373,0,0
-1,0.000000000007412503,0.0000063166262,0.000007666299,0.2222969,567.47253,374.31937,0,0
-1,0.000000000009650767,0.0000058521377,0.0000067518445,0.031419974,293.18115,410.09808,0,0
-1,0.0000000000065705674,0.0000069712796,0.000006993711,0.18917558,832.9873,501.15195,0,0
-1,0.000000000008739327,0.0000063251578,0.000008337068,0.21780728,410.85687,370.31223,0,0
-1,0.000000000009307846,0.000006833226,0.0000080220225,0.064628854,1208.6825,433.4357,0,0
-1,0.000000000004861288,0.000007671806,0.000004727968,0.5944341,897.0857,796.3013,0,0
-1,0.0000000000078871345,0.000004401615,0.000008829598,0.41164005,568.65234,310.33063,0,0
-1,0.000000000005971466,0.0000069208813,0.000006724522,0.10890248,846.14026,725.8532,0,0
-1,0.000000000008416071,0.000005406535,0.0000088301995,0.2279832,421.7908,310.2997,0,0
-1,0.000000000008081902,0.000006325095,0.000007646379,0.2233708,557.25995,409.44653,0,0
-1,0.000000000007388322,0.000006324044,0.000007650822,0.22052234,567.9707,373.22824,0,0
-1,0.0000000000068227095,0.000006309238,0.000008847446,0.30171353,407.35022,317.48163,0,0
-1,0.0000000000073708505,0.0000061538653,0.000007635923,0.14474869,449.68796,375.31265,0,0
-1,0.000000000007415106,0.000006309067,0.000007689267,0.22039159,568.1461,373.25464,0,0
-1,0.00000000000806991,0.00000631031,0.0000088217275,0.22209436,419.0571,623.7479,0,0
-1,0.000000000009628179,0.000005929044,0.000006556924,0.19994502,959.5638,282.74615,0,0
-1,0.000000000008499832,0.0000063150715,0.000007863312,0.22183797,777.4042,376.57523,0,0
-1,0.0000000000045732476,0.0000031283416,0.000007519027,0.47973147,1089.2489,263.2763,0,0
-1,0.0000000000059455513,0.000008396197,0.000007608795,0.31406796,1434.9597,285.91064,0,0
-1,0.000000000004865346,0.000007556969,0.000005561014,0.033981662,297.61398,1147.1584,0,0
-1,0.0000000000039134243,0.0000063930574,0.000007196936,0.21526046,640.6689,260.40103,0,0
-1,0.0000000000054310233,0.0000054051234,0.000008866467,0.21886474,504.18112,306.48346,0,0
-1,0.000000000009358765,0.000006739301,0.000006953681,0.31419668,662.1121,369.7638,0,0
-1,0.000000000007390719,0.000006306925,0.000008805103,0.14007445,407.7332,697.3065,0,0
-1,0.000000000007563782,0.0000015600141,0.0000058674113,0.37938002,602.68976,267.62924,0,0
-1,0.000000000001087263,0.000006769329,0.000009688746,0.16352995,588.4867,265.8071,0,0
-1,0.000000000007388262,0.000006284604,0.000007647283,0.22049432,567.47815,372.53253,0,0
-1,0.000000000007908073,0.0000063189727,0.000008825128,0.2224699,734.68835,702.0592,0,0
-1,0.0000000000072279795,0.0000063048224,0.000008024972,0.38865703,419.7847,587.4037,0,0
-1,0.000000000007751922,0.000007172702,0.000007664371,0.11199664,599.3158,374.84305,0,0
-1,0.00000000000746479,0.0000063481757,0.0000077145605,0.21618824,573.8068,366.38068,0,0
-1,0.0000000000056917387,0.000007290047,0.0000043105365,0.37291294,442.65115,293.21307,0,0
-1,0.000000000009048972,0.000008234353,0.000008428123,0.21586868,764.25073,1125.3118,0,0
-1,0.000000000008418242,0.000003447662,0.0000063792586,0.15178555,812.256,285.5136,0,0
-1,0.000000000006871391,0.000007756407,0.000006084434,0.46292147,379.13956,756.02295,0,0
-1,0.000000000007394475,0.0000063124307,0.000007636295,0.2218085,568.37415,370.89496,0,0
-1,0.000000000008019765,0.000003631252,0.0000023629955,0.6090302,1003.00183,707.85236,0,0
-1,0.0000000000086457395,0.00000765164,0.000007759494,0.03873272,897.11127,271.11078,0,0
-1,0.000000000006823783,0.0000069359908,0.000003316106,0.53857464,1043.4375,258.78455,0,0
-1,0.000000000008010519,0.0000060631064,0.0000060144866,0.40253827,730.5558,376.5832,0,0
-1,0.000000000007462191,0.000008210026,0.000008855472,0.27208146,404.74716,665.0931,0,0
-1,0.000000000007413409,0.0000062942563,0.000007657588,0.22123484,569.2547,373.1118,0,0
-1,0.000000000008112444,0.000007611479,0.000007954772,0.20637526,623.0084,553.1553,0,0
-1,0.000000000007393826,0.0000062984523,0.0000076988335,0.2177365,568.4666,371.9837,0,0
-1,0.000000000007665582,0.000007705188,0.000006692305,0.110414125,550.2262,375.49817,0,0
-1,0.0000000000073935025,0.0000051904194,0.000008839337,0.109308966,569.82886,310.20126,0,0
-1,0.000000000007362064,0.0000062921345,0.000007642411,0.22184427,569.606,371.49756,0,0
-1,0.000000000007401721,0.000006298551,0.000007681494,0.21824428,567.91144,372.86923,0,0
-1,0.0000000000045028317,0.0000066593143,0.0000068093614,0.051735494,668.94244,328.94806,0,0
-1,0.000000000007973049,0.0000060522034,0.0000060126786,0.4008251,731.39276,376.75687,0,0
-1,0.0000000000066820013,0.0000063081293,0.000007725313,0.21869464,555.37317,310.30728,0,0
-1,0.000000000007727139,0.000004309541,0.0000061440205,0.36903805,588.5919,751.50323,0,0
-1,0.000000000007389872,0.0000063098196,0.000007665425,0.22422047,568.0068,374.8815,0,0
-1,0.0000000000033565472,0.000004391117,0.000009408651,0.54809177,308.21936,864.29834,0,0
-1,0.000000000008070547,0.0000063102702,0.00000882012,0.2223659,418.8994,623.73126,0,0
-1,0.0000000000072416474,0.0000062966938,0.000005891382,0.4041225,862.6723,382.44873,0,0
-1,0.000000000008090884,0.0000076248325,0.000007953477,0.20622124,622.5423,553.43475,0,0
-1,0.000000000007394536,0.000006299009,0.000007715555,0.21876073,565.7586,371.87234,0,0
-1,0.000000000008671664,0.0000063145467,0.00000770173,0.13316634,793.44965,522.3157,0,0
-1,0.0000000000058164467,0.000006413538,0.0000061480823,0.22060503,409.263,606.7287,0,0
-1,0.000000000007723775,0.000005986397,0.000003908964,0.040217735,344.01154,271.5799,0,0
-1,0.000000000007383538,0.000006310144,0.000007659793,0.22387022,566.43243,375.18152,0,0
-1,0.000000000007433984,0.0000081917005,0.000008836457,0.27133363,406.25,664.9062,0,0
-1,0.00000000000808294,0.000007600184,0.000007929939,0.2079266,622.7795,554.47687,0,0
-1,0.000000000008749384,0.0000073539686,0.0000087416665,0.21630733,463.64023,367.97534,0,0
-1,0.000000000009566987,0.0000043610157,0.000006546542,0.52000254,986.7197,499.20578,0,0
-1,0.0000000000073833925,0.000006318127,0.0000088454835,0.22187178,408.07822,572.5446,0,0
-1,0.0000000000065287285,0.000006325027,0.000006689456,0.40244907,487.03247,371.22784,0,0
-1,0.000000000007419185,0.000005660847,0.000007016458,0.2950307,567.62665,375.30255,0,0
-1,0.000000000008987322,0.000007451196,0.00000908822,0.26944527,461.57327,316.23743,0,0
-1,0.000000000009871155,0.00000397507,0.0000083346995,0.9619906,693.7431,1800.3071,0,0
-1,0.0000000000058854293,0.000008512454,0.000008219534,0.0883368,855.27765,445.3354,0,0
-1,0.000000000007478207,0.0000062910653,0.000007687826,0.21835631,567.6452,368.5097,0,0
-1,0.0000000000073834315,0.0000063113725,0.000007630129,0.22285809,568.49756,375.1362,0,0
-1,0.000000000007444845,0.0000063346856,0.0000076999295,0.21588533,573.66876,365.80844,0,0
-1,0.0000000000098707075,0.0000041965995,0.00000776093,0.5052798,416.47574,255.90352,0,0
-1,0.000000000007394947,0.000008165623,0.0000060628304,0.2832401,407.58057,374.93616,0,0
-1,0.000000000006477271,0.0000062972495,0.0000066486946,0.40537822,485.27576,374.52637,0,0
-1,0.0000000000048214544,0.0000046019672,0.00000041743525,0.6990323,257.32037,252.81685,0,0
-1,0.000000000005935444,0.000007872651,0.0000076565575,0.25072998,568.87274,374.67554,0,0
-1,0.0000000000045963407,0.000008402123,0.000009922802,0.4821825,339.6732,254.03954,0,0
-1,0.000000000008296155,0.0000051421557,0.000008398255,0.425434,727.42194,375.0785,0,0
-1,0.000000000007887614,0.000007282422,0.000007692586,0.2184943,407.5719,414.65228,0,0
-1,0.000000000007460627,0.000006315588,0.0000076702545,0.105389826,407.6902,568.9592,0,0
-1,0.000000000007403914,0.0000059655613,0.0000076146553,0.32958066,567.86865,379.31543,0,0
-1,0.000000000007341866,0.0000063028565,0.00000611588,0.18453427,803.2236,667.43634,0,0
-1,0.000000000006819327,0.000006933992,0.0000033097576,0.53873855,1043.5922,258.7258,0,0
-1,0.0000000000058164467,0.000006413538,0.0000061480823,0.22060503,409.263,606.7287,0,0
-1,0.00000000000803925,0.000008216028,0.000006773686,0.1628204,594.33734,674.1411,0,0
-1,0.0000000000089508696,0.000004885226,0.000004768389,0.26771912,712.31525,413.47427,0,0
-1,0.000000000005894795,0.0000054963375,0.000008294688,0.21641518,411.29498,619.58514,0,0
-1,0.0000000000095668985,0.000004358461,0.000006546202,0.5199724,987.05206,498.90353,0,0
-1,0.000000000005326632,0.0000056081703,0.0000051269362,0.1577171,806.4023,307.78467,0,0
-1,0.000000000008916944,0.000009481111,0.0000074526943,0.98717886,908.5945,909.3157,0,0
-1,0.000000000007521173,0.000006287651,0.000007690012,0.10879537,627.8861,310.3477,0,0
-1,0.000000000009377531,0.0000015921338,0.000007500692,0.4986115,416.90143,1064.1277,0,0
-1,0.000000000007400541,0.000006305649,0.000007715715,0.21789843,567.36145,371.41806,0,0
-1,0.0000000000074195155,0.0000063104235,0.0000076521865,0.22190219,567.488,373.8152,0,0
-1,0.000000000007452246,0.000006316921,0.000007706328,0.21526243,573.769,366.30466,0,0
-1,0.000000000008537991,0.000006987926,0.000008167843,0.21830781,408.56433,721.5085,0,0
-1,0.000000000007419077,0.000006315453,0.0000077108125,0.21608734,566.9666,369.11578,0,0
-1,0.000000000007868068,0.0000032116795,0.0000077976765,0.1453315,1020.39026,379.25726,0,0
-1,0.000000000007351292,0.000006301529,0.000007633522,0.22093555,567.5707,371.8464,0,0
-1,0.000000000009071971,0.0000065996887,0.0000068656695,0.12730533,819.2352,288.06296,0,0
-1,0.0000000000072358994,0.0000018508018,0.0000037788227,0.06088788,1479.4132,751.30286,0,0
-1,0.000000000005133315,0.000006351355,0.000004686116,0.3758094,1322.2457,378.0496,0,0
-1,0.000000000007398537,0.00000631525,0.000007658386,0.22197913,568.8185,373.3976,0,0
-1,0.0000000000070460686,0.0000026875687,0.0000067590086,0.097480096,798.74225,323.6177,0,0
-1,0.0000000000045817764,0.0000014016889,0.0000003575314,0.3667397,270.09747,269.79184,0,0
-1,0.0000000000045817764,0.0000014016889,0.0000003575314,0.3667397,270.09747,269.79184,0,0
-1,0.000000000008701749,0.0000047485187,0.000007661473,0.118962996,567.45074,312.0863,0,0
-1,0.000000000007404412,0.0000063044426,0.000007647626,0.22280656,569.461,372.2391,0,0
-1,0.0000000000023805706,0.0000071307077,0.000003313638,0.45440778,1292.5122,507.2011,0,0
-1,0.0000000000061847498,0.000007212988,0.000007602065,0.0399778,901.8542,292.0802,0,0
-1,0.0000000000031133898,0.000004837693,0.0000025080708,0.9624525,1777.692,789.37195,0,0
-1,0.000000000007417337,0.000006309859,0.000007683404,0.221044,567.16516,372.18668,0,0
-1,0.000000000006097207,0.0000062957847,0.000008844342,0.32570782,567.7152,444.2691,0,0
-1,0.000000000006916619,0.0000070625683,0.000005946647,0.40991592,410.26492,637.08026,0,0
-1,0.00000000000985251,0.0000060976604,0.0000048852103,0.9555091,916.591,514.7135,0,0
-1,0.000000000007419868,0.0000063161538,0.000009435015,0.127099,306.247,319.07004,0,0
-1,0.0000000000056977127,0.0000071608433,0.000008244118,0.2534984,717.37573,643.1857,0,0
-1,0.000000000009226205,0.0000067169476,0.0000044955787,0.033589225,828.899,707.0593,0,0
-1,0.00000000000742948,0.0000063032353,0.000007657961,0.22184472,567.20483,372.22958,0,0
-1,0.000000000007361104,0.000006282237,0.0000076396755,0.2223132,567.43024,375.6353,0,0
-1,0.0000000000068272337,0.00000693849,0.0000033183283,0.5381713,1043.7421,258.29803,0,0
-1,0.000000000007350349,0.000005969637,0.000007914297,0.21898925,541.04364,487.60684,0,0
-1,0.000000000008682435,0.000004873949,0.000006366961,0.21591185,407.4725,310.23022,0,0
-1,0.00000000000743272,0.00000627897,0.000007657728,0.21788344,568.66583,372.3822,0,0
-1,0.0000000000061832015,0.000006318309,0.0000061798123,0.37798536,752.0814,363.62866,0,0
-1,0.0000000000086926,0.000004743566,0.000007650865,0.119278744,568.2394,311.15262,0,0
-1,0.000000000007926958,0.0000046987834,0.0000073604115,0.21846214,815.53876,383.49423,0,0
-1,0.0000000000073842295,0.000006301241,0.000007660251,0.21991278,568.30927,371.97958,0,0
-1,0.000000000009414536,0.000009020188,0.0000094625775,0.051629394,871.88025,277.8527,0,0
-1,0.0000000000084601996,0.000007885949,0.000002788188,0.48061478,1690.8408,1608.1617,0,0
-1,0.00000000000747001,0.00000819243,0.000008874028,0.2673871,408.89075,661.0213,0,0
-1,0.000000000009584906,0.000005276538,0.000004682776,0.13132016,299.93655,685.1729,0,0
-1,0.000000000007378691,0.00000630181,0.000008855341,0.2600372,405.18228,373.40625,0,0
-1,0.000000000008420694,0.0000064232827,0.0000060752186,0.22211425,645.01154,311.14346,0,0
-1,0.000000000007347983,0.0000042662923,0.00000971396,0.027570317,695.23865,277.44714,0,0
-1,0.0000000000074215824,0.000007278627,0.000007647879,0.3420928,730.22,310.3666,0,0
-1,0.000000000007460949,0.000009866969,0.00000037062327,0.008923177,261.4668,951.4728,0,0
-1,0.000000000007398043,0.0000062906915,0.000007693503,0.24134344,511.6443,373.5688,0,0
-1,0.000000000007382754,0.000006294441,0.000007655488,0.21965997,569.0978,371.74463,0,0
-1,0.00000000000805791,0.000005694327,0.000008821549,0.21227646,762.3024,310.84793,0,0
-1,0.0000000000075000605,0.0000072880644,0.000006828432,0.42795804,815.91986,1030.4332,0,0
-1,0.000000000008195378,0.0000067009196,0.000007648637,0.39814773,408.66003,635.3827,0,0
-1,0.000000000007396346,0.0000063257053,0.000007685003,0.21950647,568.92035,371.20773,0,0
-1,0.000000000007780999,0.000004484738,0.000007118589,0.06918774,759.4416,341.0332,0,0
-1,0.000000000008718745,0.0000068832537,0.0000076747465,0.14690712,568.8889,546.5242,0,0
-1,0.0000000000074004535,0.0000063054704,0.000007716105,0.21787648,567.36554,371.41446,0,0
-1,0.000000000005646187,0.00000983234,0.000009945433,0.35910037,576.9292,665.66644,0,0
-1,0.000000000007452026,0.000006307895,0.000007700597,0.21501689,574.55054,364.89505,0,0
-1,0.000000000005841042,0.000008175361,0.0000066818293,0.22248138,407.1129,373.41687,0,0
-1,0.000000000005275139,0.000008133224,0.0000051542743,0.15047422,299.8995,311.02448,0,0
-1,0.000000000006823777,0.000006934548,0.0000033134734,0.5384997,1043.529,258.64108,0,0
-1,0.000000000005408893,0.000008636353,0.000008147247,0.11447689,761.2735,531.76776,0,0
-1,0.0000000000071891898,0.0000049810506,0.000007715452,0.10660648,710.9195,309.7287,0,0
-1,0.0000000000063336883,0.000006993423,0.0000057994303,0.10919772,722.51874,309.5227,0,0
-1,0.000000000008276028,0.000003965942,0.000006462703,0.32150972,988.18524,298.8636,0,0
-1,0.000000000009829414,0.000009843248,0.0000056885683,0.9329413,263.4973,255.21843,0,0
-1,0.000000000006720888,0.0000063131724,0.0000071268923,0.21500672,796.6499,309.1712,0,0
-1,0.0000000000071788816,0.0000075292046,0.0000011603167,0.82074183,697.096,551.2288,0,0
-1,0.0000000000068061455,0.000003815406,0.000009194539,0.4020103,612.3082,376.6837,0,0
-1,0.000000000009637945,0.0000058471937,0.000006750088,0.03130868,293.8653,410.26596,0,0
-1,0.000000000007536447,0.0000043936707,0.000009273464,0.0840124,1178.2311,280.07718,0,0
-1,0.00000000000660761,0.0000074263503,0.0000088444285,0.19538172,568.1042,310.73865,0,0
-1,0.000000000007413715,0.0000058040096,0.000009153688,0.096027166,401.1358,493.52078,0,0
-1,0.000000000007428643,0.000006330795,0.000007635501,0.22029147,567.0856,370.15417,0,0
-1,0.000000000008484401,0.000006332006,0.000008862804,0.22176768,403.2508,455.22495,0,0
-1,0.000000000007409838,0.000006293214,0.00000764721,0.22115216,564.5073,372.33096,0,0
-1,0.0000000000075755175,0.000004785897,0.00000870484,0.22012317,567.4197,328.19815,0,0
-1,0.00000000000741577,0.0000063053167,0.000007633649,0.22129132,566.56726,374.55893,0,0
-1,0.000000000007445249,0.000006337692,0.000007668188,0.21981676,569.2934,369.59488,0,0
-1,0.000000000009822625,0.000001546417,0.000002623698,0.34386763,271.7682,866.6202,0,0
-1,0.000000000009226182,0.0000051721927,0.000009303282,0.39757437,1333.2559,691.5469,0,0
-1,0.000000000002094166,0.0000011534032,0.000008511588,0.642436,929.5405,657.9756,0,0
-1,0.0000000000066862644,0.000008459667,0.000007817686,0.067299396,762.313,308.0542,0,0
-1,0.0000000000055299736,0.000007213982,0.000008977076,0.4571178,613.97156,593.32336,0,0
-1,0.000000000007413323,0.000006320041,0.00000767418,0.21901283,571.3026,369.7152,0,0
-1,0.000000000005339532,0.000003966544,0.000007720917,0.28982753,268.0949,256.84167,0,0
-1,0.0000000000054967016,0.0000063083517,0.000007700109,0.22026466,407.61017,664.3543,0,0
-1,0.000000000007410297,0.00000433232,0.000007654411,0.11033232,783.43677,349.8951,0,0
-1,0.0000000000063547154,0.0000072870835,0.000008082643,0.2727137,440.67368,294.23163,0,0
-1,0.000000000008690896,0.0000050044114,0.000007660662,0.34944823,823.01324,373.36615,0,0
-1,0.000000000007367663,0.0000063085276,0.000006115851,0.18332624,805.7084,664.04456,0,0
-1,0.000000000007394376,0.000007722678,0.000008874552,0.32528588,566.83496,373.96902,0,0
-1,0.000000000008960521,0.0000074398213,0.000009062024,0.27255386,459.50504,317.5657,0,0
-1,0.000000000007372506,0.0000070361993,0.0000077830955,0.25520387,622.7838,596.28955,0,0
-1,0.0000000000056015236,0.0000063076545,0.000006645699,0.1069498,416.9996,336.42926,0,0
-1,0.000000000007445282,0.000006776908,0.000008867327,0.10856263,568.01904,588.7081,0,0
-1,0.000000000007368545,0.0000062769013,0.0000076255037,0.2226892,569.5913,370.22665,0,0
-1,0.000000000007387943,0.000008166084,0.0000060596367,0.28181532,407.50555,375.6103,0,0
-1,0.0000000000054255576,0.000007478492,0.00000593386,0.29377964,697.8131,374.7813,0,0
-1,0.000000000008716348,0.000006300391,0.000007105978,0.22025172,874.75934,710.88696,0,0
-1,0.0000000000025453598,0.000004513448,0.00000125552,0.8316841,619.39526,256.5034,0,0
-1,0.000000000009790614,0.0000062923823,0.0000060356583,0.11529146,807.83203,970.29565,0,0
-1,0.000000000008981876,0.000006613266,0.000007720347,0.21882643,743.60004,380.9178,0,0
-1,0.000000000007457435,0.0000063199627,0.000007732203,0.21642314,573.46796,364.38052,0,0
-1,0.0000000000056108794,0.0000041472094,0.0000018803121,0.40417698,730.3478,354.8229,0,0
-1,0.00000000000746518,0.0000062820636,0.000007662668,0.21859984,570.7263,371.05655,0,0
-1,0.000000000007449552,0.000006773819,0.000008845625,0.10858171,568.57776,587.97437,0,0
-1,0.0000000000047754175,0.000009000078,0.0000093816825,0.19964926,348.2123,1301.9474,0,0
-1,0.000000000007384928,0.0000053273475,0.000008350747,0.19779804,436.02826,360.0469,0,0
-1,0.0000000000025436992,0.0000045134543,0.0000012551625,0.83163893,619.2438,256.65662,0,0
-1,0.0000000000055073064,0.0000072025578,0.000008937046,0.45891267,613.9921,594.6681,0,0
-1,0.0000000000074439205,0.0000063314515,0.0000077000295,0.21740547,571.5185,368.28677,0,0
-1,0.000000000007448225,0.0000044096596,0.000007681426,0.21805403,562.42096,508.8324,0,0
-1,0.000000000007453648,0.0000063151074,0.000007658283,0.22457239,566.48206,371.57825,0,0
-1,0.00000000000738649,0.000006312238,0.000007704543,0.21520504,566.7171,372.7912,0,0
-1,0.000000000007406718,0.0000063018824,0.000007681955,0.21799622,566.1231,372.73813,0,0
-1,0.0000000000079504545,0.000006332788,0.000007096348,0.12260735,565.92957,308.09158,0,0
-1,0.000000000007394582,0.0000063023435,0.000007719911,0.2175508,567.48047,371.73184,0,0
-1,0.00000000000744934,0.000006317797,0.000007680368,0.22005631,569.59753,368.29654,0,0
-1,0.000000000007459175,0.0000063183893,0.000007721423,0.21572413,571.21277,362.46353,0,0
-1,0.000000000008021506,0.0000036283893,0.0000023637817,0.6091134,1002.9653,708.0172,0,0
-1,0.000000000007651033,0.00000772411,0.000003307514,0.3259739,1024.7106,258.64413,0,0
-1,0.0000000000062246575,0.000009321925,0.0000076044153,0.12184212,441.05475,254.01347,0,0
-1,0.000000000007394627,0.0000063024427,0.00000771983,0.21754299,567.4786,371.71408,0,0
-1,0.000000000007375627,0.000006303171,0.000007673006,0.21997392,568.386,370.90787,0,0
-1,0.000000000007419392,0.0000055393307,0.000007673307,0.21873073,420.06296,371.8884,0,0
-1,0.0000000000072632412,0.0000045022894,0.0000066505545,0.15119317,567.0139,716.92267,0,0
-1,0.000000000007362391,0.000006283806,0.000007646575,0.22184104,568.6963,371.80957,0,0
-1,0.000000000008710169,0.0000062871236,0.00000708355,0.2207055,874.8529,710.00464,0,0
-1,0.000000000007400305,0.0000062874233,0.0000076813585,0.21775937,568.4787,368.98984,0,0
-1,0.0000000000073621656,0.000006292234,0.0000076339975,0.22184385,569.5861,373.05252,0,0
-1,0.000000000007404502,0.000006973502,0.000008311762,0.37846717,407.81512,376.25778,0,0
-1,0.0000000000065518064,0.0000063003145,0.000007650232,0.15989223,838.92786,374.4428,0,0
-1,0.0000000000020955971,0.0000011500613,0.000008508722,0.6428884,929.70776,657.9664,0,0
-1,0.00000000000743587,0.000006332615,0.000007654652,0.22439556,567.0636,371.45285,0,0
-1,0.000000000005637129,0.000009493765,0.000006920277,0.030453851,508.27185,825.8478,0,0
-1,0.0000000000057955585,0.000005152334,0.000008763319,0.22211157,551.5092,466.47934,0,0
-1,0.000000000008615708,0.000007524616,0.000008207565,0.27632606,362.4665,475.53156,0,0
-1,0.0000000000053457707,0.0000063112952,0.000008810784,0.40552282,408.48322,375.3644,0,0
-1,0.000000000007391595,0.0000063273137,0.000007669894,0.22480555,566.8885,375.12012,0,0
-1,0.000000000007410192,0.0000062998506,0.00000772443,0.21752077,566.72754,371.36835,0,0
-1,0.0000000000056652972,0.000006307167,0.000007657703,0.22457296,705.5774,404.4719,0,0
-1,0.000000000007359445,0.000006299793,0.000007634968,0.2218707,568.40155,372.98685,0,0
-1,0.0000000000036189086,0.000009564539,0.000004967363,0.4212912,287.41507,360.82605,0,0
-1,0.00000000000599593,0.000004567752,0.00000767162,0.29003227,1361.4596,270.073,0,0
-1,0.000000000007550444,0.0000095314,0.000009925159,0.5442816,260.39865,270.38736,0,0
-1,0.0000000000096632875,0.000001141654,0.0000055188116,0.46165854,938.36224,411.0534,0,0
-1,0.0000000000073760425,0.00000629046,0.000007646663,0.22265609,569.1099,371.72336,0,0
-1,0.00000000000736371,0.000006309531,0.000007637879,0.2224565,568.48285,373.27673,0,0
-1,0.000000000007368624,0.0000062767804,0.000007625728,0.22264342,569.6278,370.19467,0,0
-1,0.00000000000736953,0.0000063034645,0.000007637459,0.22219737,568.4405,373.30762,0,0
-1,0.0000000000071047595,0.000005459887,0.0000083343775,0.29648343,880.65845,527.1148,0,0
-1,0.000000000007805626,0.000009246672,0.0000052252726,0.2556006,367.8375,716.07605,0,0
-1,0.0000000000063296265,0.0000063645653,0.000008021924,0.10598554,1042.4619,1039.1675,0,0
-1,0.000000000006576111,0.0000051636,0.000007212444,0.13774335,889.9291,633.0475,0,0
-1,0.0000000000073572815,0.0000062852655,0.000007619924,0.2223778,567.3862,373.56415,0,0
-1,0.000000000007406656,0.00000631237,0.000007675638,0.22139837,569.0141,372.5186,0,0
-1,0.00000000000738984,0.000006307479,0.000007721408,0.21799009,565.4485,371.82855,0,0
-1,0.000000000007453953,0.0000063499206,0.000007719855,0.21628697,571.14294,366.81653,0,0
-1,0.000000000008718773,0.0000053686017,0.0000058376195,0.13154821,713.11304,394.48477,0,0
-1,0.000000000005132418,0.000005662805,0.000008680863,0.47706768,795.6468,266.33102,0,0
-1,0.000000000007361395,0.000006261414,0.000007626714,0.21892056,567.96094,367.56958,0,0
-1,0.000000000007390045,0.000006311828,0.000007659085,0.22091177,567.90845,374.82605,0,0
-1,0.0000000000037691365,0.0000024182816,0.000009706983,0.9000488,1502.8688,260.85117,0,0
-1,0.0000000000073935415,0.00000629395,0.000007661854,0.22172862,568.38257,371.91467,0,0
-1,0.000000000007452239,0.000006332628,0.000007680855,0.22035584,569.9422,369.52026,0,0
-1,0.000000000006593398,0.000004133824,0.000005907755,0.20306279,660.0047,378.11047,0,0
-1,0.000000000007464754,0.0000063481148,0.000007714231,0.21620186,573.0389,366.38635,0,0
-1,0.0000000000056804795,0.0000072838484,0.000004286263,0.3740934,443.626,293.9101,0,0
-1,0.000000000007386959,0.0000063177513,0.000007673818,0.13266012,408.57404,310.86655,0,0
-1,0.000000000006817479,0.000003836709,0.0000008398297,0.9212491,1337.7028,262.34378,0,0
-1,0.000000000007535813,0.000009305186,0.000009300882,0.043316472,930.8794,510.41324,0,0
-1,0.00000000000740777,0.000006305653,0.000007715707,0.2178759,567.36584,370.2836,0,0
-1,0.0000000000073755125,0.000008150075,0.0000060287066,0.28528988,407.95557,377.02063,0,0
-1,0.000000000007402031,0.0000063011885,0.000007696357,0.21769822,567.98,370.93018,0,0
-1,0.0000000000054238333,0.0000074773525,0.0000059354766,0.29372466,697.6944,375.32675,0,0
-1,0.000000000006186484,0.0000063191396,0.000006093699,0.37556812,408.89478,605.2152,0,0
-1,0.000000000007415545,0.000006309597,0.000007744819,0.21394551,561.59955,369.69534,0,0
-1,0.000000000007409259,0.0000063066936,0.000007646779,0.22315142,568.17834,372.74548,0,0
-1,0.000000000007569351,0.0000015591945,0.000005878015,0.3789102,602.3928,267.33566,0,0
-1,0.000000000008698967,0.000005361121,0.000005864835,0.12843232,712.4595,393.77362,0,0
-1,0.000000000007409224,0.000006306714,0.000007643896,0.22343294,568.1788,372.46375,0,0
-1,0.000000000007960897,0.000007097497,0.0000070778924,0.42585507,665.3352,593.9559,0,0
-1,0.000000000007046255,0.0000026819894,0.000006748528,0.09901692,797.81537,324.7041,0,0
-1,0.0000000000068861063,0.000007764264,0.000006115016,0.46172154,377.92734,755.98615,0,0
-1,0.0000000000060842004,0.0000062964386,0.000007651362,0.22182816,406.975,375.70474,0,0
-1,0.000000000007391053,0.0000063008383,0.0000076196684,0.22342932,569.5769,369.50864,0,0
-1,0.000000000007563153,0.0000063003736,0.000007643294,0.22316375,569.49274,427.66354,0,0
-1,0.000000000007800455,0.000004787048,0.00000454784,0.074254245,294.90265,818.7657,0,0
-1,0.000000000007394752,0.0000063078837,0.000007714063,0.21808994,567.46716,372.0231,0,0
-1,0.0000000000087790036,0.0000088313855,0.0000062422337,0.3496051,792.49243,466.8016,0,0
-1,0.000000000005959004,0.000004898077,0.0000062104914,0.80009377,1362.0751,839.04584,0,0
-1,0.000000000008714949,0.000006194476,0.000008870815,0.21968506,406.89154,310.02203,0,0
-1,0.000000000007408069,0.000006300558,0.000007679661,0.21913227,567.27124,372.74652,0,0
-1,0.000000000009133931,0.000008399925,0.00000922319,0.520127,566.62024,900.2261,0,0
-1,0.0000000000062483907,0.0000005253186,0.0000048828906,0.20549673,271.85266,1308.4263,0,0
-1,0.000000000007444626,0.0000063115904,0.000007699242,0.21504045,574.2972,366.58066,0,0
-1,0.00000000000742862,0.0000063157054,0.000007688985,0.22011605,569.5867,370.38983,0,0
-1,0.000000000007384625,0.000006311706,0.000007676472,0.21905117,568.3958,372.1458,0,0
-1,0.000000000008733042,0.0000064849464,0.000008965091,0.3366075,567.2655,274.94635,0,0
-1,0.000000000005566475,0.000007382798,0.000009653934,0.44999328,337.12906,868.45483,0,0
-1,0.000000000007372863,0.0000059760573,0.00000795062,0.21703158,539.91833,487.09552,0,0
-1,0.000000000007390638,0.000006306031,0.0000076936985,0.21160488,568.0678,375.4474,0,0
-1,0.00000000000798562,0.00000748994,0.0000060310736,0.22191216,566.494,311.77866,0,0
-1,0.0000000000074591045,0.000006339951,0.000007684654,0.21544111,570.2345,367.10815,0,0
-1,0.0000000000030198543,0.0000040405107,0.0000056695326,0.36362678,463.54962,267.6755,0,0
-1,0.0000000000077511365,0.0000026432415,0.0000066658413,0.21130998,763.81335,525.4847,0,0
-1,0.0000000000063450937,0.000008248087,0.000008505305,0.2732256,864.1549,292.31354,0,0
-1,0.000000000007452147,0.0000063187154,0.000007706237,0.21476483,573.7735,366.28226,0,0
-1,0.000000000006452689,0.000006526318,0.000009016669,0.15178601,567.1323,527.4512,0,0
-1,0.000000000008341357,0.00000929417,0.000005278611,0.48766407,263.25378,255.08366,0,0
-1,0.00000000000723432,0.0000095316855,0.0000018377418,0.9013882,989.6897,265.5967,0,0
-1,0.000000000008839049,0.0000056806775,0.000007330801,0.39857745,901.96075,588.826,0,0
-1,0.000000000007416667,0.0000063341404,0.000007711688,0.21524766,571.29626,365.52808,0,0
-1,0.000000000007369572,0.000006276956,0.000007634334,0.22176623,568.18506,370.14102,0,0
-1,0.000000000007388741,0.0000062938234,0.000007635982,0.22136773,568.39014,373.27676,0,0
-1,0.0000000000057384575,0.000006241585,0.000009182589,0.2253054,526.18445,800.628,0,0
-1,0.000000000008081138,0.0000063157504,0.000008850278,0.22319873,415.86627,312.16632,0,0
-1,0.000000000005245983,0.0000047693297,0.000007230927,0.5384739,313.44904,1383.827,0,0
-1,0.000000000008177596,0.000005232733,0.0000049332425,0.060488936,335.19965,825.415,0,0
-1,0.000000000007410192,0.0000062998506,0.00000772443,0.21752077,566.72754,371.36835,0,0
-1,0.000000000008434968,0.000005413391,0.0000088663655,0.22602554,420.70865,310.26407,0,0
-1,0.000000000007449414,0.0000063283505,0.000007673705,0.22428073,566.04535,372.26605,0,0
-1,0.000000000008121081,0.000007625032,0.000007941153,0.20907238,621.81104,554.5038,0,0
-1,0.0000000000068927338,0.000007035382,0.0000059195436,0.41187626,407.14697,640.4482,0,0
-1,0.000000000005628005,0.000009493863,0.0000069144467,0.03161203,507.46295,827.17505,0,0
-1,0.0000000000073912005,0.0000063028997,0.000007714285,0.2186454,564.2582,371.11697,0,0
-1,0.000000000005825489,0.000007535787,0.0000099201825,0.38587317,260.8209,254.11435,0,0
-1,0.000000000006811797,0.0000046504747,0.000009487044,0.04893488,925.99774,672.12415,0,0
-1,0.000000000007461706,0.0000063213615,0.000007700452,0.21527044,574.0773,366.62723,0,0
-1,0.000000000006553556,0.00000630025,0.000007645965,0.16002104,838.34973,375.18463,0,0
-1,0.00000000000846722,0.000009913527,0.000009946535,0.2696322,257.42834,252.84184,0,0
-1,0.000000000007369274,0.0000062961158,0.00000763944,0.22185522,570.3629,370.30994,0,0
-1,0.000000000008317102,0.0000053546696,0.000009355591,0.10657789,982.90985,793.9746,0,0
-1,0.000000000008016425,0.000007506617,0.0000060527236,0.2200929,567.76794,309.0617,0,0
-1,0.0000000000045123783,0.000005993755,0.000008438677,0.11765224,553.6861,519.47394,0,0
-1,0.000000000007361921,0.000006292147,0.000007642451,0.221831,569.5959,371.51147,0,0
-1,0.000000000007438207,0.0000062741997,0.00000766591,0.21581899,567.0836,370.5751,0,0
-1,0.00000000000850067,0.0000018218336,0.000006552962,0.37768736,746.3846,269.1515,0,0
-1,0.000000000008819475,0.000007366301,0.000008071644,0.27100468,1011.634,510.74832,0,0
-1,0.00000000000699574,0.0000042821043,0.0000063157026,0.18107165,781.157,858.821,0,0
-1,0.0000000000073517295,0.0000062801632,0.000007643276,0.22186121,566.9707,375.65125,0,0
-1,0.000000000006713521,0.0000010395655,0.0000061293426,0.88176084,665.749,359.8026,0,0
-1,0.000000000007945991,0.000008478718,0.000008279489,0.27907687,260.87613,265.44998,0,0
-1,0.0000000000092191975,0.0000056556255,0.000009193223,0.62662,905.3222,458.65805,0,0
-1,0.000000000006520919,0.000005814413,0.000007661743,0.22023903,510.24173,310.30804,0,0
-1,0.00000000000877062,0.0000063055973,0.0000069651296,0.27242458,434.46323,334.69058,0,0
-1,0.000000000005860347,0.0000058543683,0.0000066943835,0.10445383,565.13416,307.763,0,0
-1,0.0000000000072065786,0.0000063138327,0.000006962592,0.2689512,567.58185,709.9597,0,0
-1,0.000000000006921815,0.0000063211464,0.000008055325,0.22235703,403.5924,668.90845,0,0
-1,0.0000000000051130064,0.000009840635,0.000009484461,0.06540631,263.73322,829.0803,0,0
-1,0.000000000007405678,0.0000063051784,0.000007714286,0.21844436,565.0662,368.17245,0,0
-1,0.0000000000065289076,0.0000055033224,0.000007634523,0.11068056,515.97974,623.8321,0,0
-1,0.000000000008601403,0.0000075299868,0.000008196707,0.27742046,362.26038,476.2861,0,0
-1,0.000000000008887904,0.0000054531583,0.0000076758215,0.32666513,1310.8287,323.8725,0,0
-1,0.00000000000921774,0.0000067145284,0.0000044860444,0.034351703,829.0052,707.17487,0,0
-1,0.00000000000709247,0.000005627285,0.000006746746,0.23871006,930.63336,743.7589,0,0
-1,0.000000000007399524,0.000006305262,0.000007716026,0.21843979,568.47925,370.58597,0,0
-1,0.0000000000035295265,0.000009827376,0.000009893266,0.69835865,264.8289,255.67249,0,0
-1,0.000000000007424555,0.0000063166563,0.000007696311,0.21989533,569.9,371.67477,0,0
-1,0.000000000005680543,0.0000072838793,0.0000042863394,0.37409598,443.624,293.91998,0,0
-1,0.000000000007393407,0.0000063088655,0.000007709861,0.21657142,567.0485,372.10114,0,0
-1,0.000000000007399003,0.0000063131974,0.000007664714,0.2246314,566.83636,376.8083,0,0
-1,0.000000000007392296,0.00000819351,0.000006639896,0.38980073,459.28198,311.53833,0,0
-1,0.000000000007388698,0.0000063067296,0.000007729694,0.21430117,565.65826,370.72446,0,0
-1,0.0000000000045057335,0.000006658953,0.000006808242,0.051907584,668.83966,329.34375,0,0
-1,0.0000000000088975684,0.0000034476561,0.000009817669,0.9396408,1380.802,266.77563,0,0
-1,0.000000000007391238,0.0000063030343,0.000007714096,0.21864884,564.2544,371.11078,0,0
-1,0.0000000000063520088,0.0000047485987,0.0000072308026,0.21935634,525.31696,376.81598,0,0
-1,0.000000000007424792,0.0000063072944,0.000007680518,0.22040062,567.6059,372.11508,0,0
-1,0.000000000007362034,0.0000062921577,0.000007642528,0.22181897,569.60846,371.4985,0,0
-1,0.0000000000057375645,0.00000449635,0.0000057578864,0.27050304,566.26416,430.28293,0,0
-1,0.000000000008436109,0.000004986307,0.000008842805,0.35180983,430.87567,370.893,0,0
-1,0.0000000000074566265,0.0000063171124,0.000007710905,0.21439853,574.17267,366.3054,0,0
-1,0.000000000007452471,0.0000063170232,0.000007713746,0.21543635,572.632,364.8828,0,0
-1,0.000000000009092542,0.000006004542,0.000006662845,0.16584271,737.14246,609.8341,0,0
-1,0.000000000008780835,0.000007358732,0.000008046311,0.2740868,1010.3157,513.7373,0,0
-1,0.000000000007423547,0.0000063150005,0.000007685872,0.21857773,570.0317,370.1424,0,0
-1,0.00000000000743526,0.0000063168427,0.0000076972,0.2179803,571.4356,369.57117,0,0
-1,0.000000000008434489,0.0000034550922,0.000006379496,0.15145825,812.25256,284.94357,0,0
-1,0.000000000007365795,0.000006262652,0.0000076145348,0.22116092,567.3516,371.83246,0,0
-1,0.000000000007448333,0.0000063192983,0.000007653405,0.22451188,566.8032,372.5582,0,0
-1,0.000000000007407598,0.000006305645,0.000007715793,0.21785821,567.3632,370.28873,0,0
-1,0.0000000000073965565,0.0000063232424,0.000007683455,0.22248372,567.16846,375.2692,0,0
-1,0.000000000007414742,0.0000062955164,0.000007716073,0.21741125,563.1381,370.7193,0,0
-1,0.0000000000040991195,0.000004899687,0.000008208891,0.097667314,1035.417,605.89545,0,0
-1,0.000000000008770342,0.0000088286715,0.0000062320487,0.35029763,792.3476,467.35278,0,0
-1,0.000000000007415629,0.0000062828135,0.000007667294,0.2192241,567.2886,370.92825,0,0
-1,0.000000000007836188,0.0000036447,0.0000040479435,0.39816856,650.7905,266.0324,0,0
-1,0.000000000007386635,0.0000063097623,0.000007659901,0.22420181,568.72797,373.66602,0,0
-1,0.000000000007376655,0.0000063096777,0.0000076279753,0.22385332,568.3623,373.9932,0,0
-1,0.000000000007454943,0.0000063124953,0.0000076497545,0.22363563,568.61316,371.65073,0,0
-1,0.00000000000740335,0.000006321572,0.0000076827055,0.22203156,567.9434,375.0741,0,0
-1,0.000000000003962189,0.000006343571,0.000008744221,0.19237351,1071.5641,317.49896,0,0
-1,0.0000000000074262966,0.0000063112784,0.000007710657,0.21661144,570.5699,368.87036,0,0
-1,0.000000000006013481,0.000008059856,0.000006066086,0.25054574,1016.13635,548.57764,0,0
-1,0.000000000007365171,0.000006302807,0.000007645286,0.22164811,568.3575,373.30377,0,0
-1,0.000000000007361396,0.000006282374,0.000007639955,0.22230594,567.42896,375.62292,0,0
-1,0.000000000007370302,0.0000063285956,0.000007680042,0.21841744,568.4487,368.70865,0,0
-1,0.0000000000074200646,0.0000063480056,0.000007646711,0.2209564,567.122,371.58566,0,0
-1,0.00000000000783617,0.0000036446695,0.0000040478694,0.39817244,650.79236,266.03116,0,0
-1,0.000000000008137321,0.000008649785,0.000008443516,0.12205555,851.81525,300.559,0,0
-1,0.000000000005741009,0.0000062397994,0.000009183635,0.22521132,526.27454,800.42126,0,0
-1,0.000000000007460385,0.00000633201,0.000007653263,0.22254083,566.81354,373.48923,0,0
-1,0.000000000007361818,0.0000062920535,0.000007627842,0.22282912,570.3808,372.76718,0,0
-1,0.00000000000739484,0.0000062935055,0.000007727716,0.21723506,568.25354,371.6985,0,0
-1,0.000000000007403415,0.000006296648,0.000007677065,0.21747227,568.60254,370.44934,0,0
-1,0.000000000009096469,0.0000060169255,0.0000066430216,0.16579096,737.46173,609.5784,0,0
-1,0.000000000007400745,0.000006310404,0.000007712688,0.2180005,567.99365,371.4528,0,0
-1,0.000000000005336218,0.000006248048,0.000001188561,0.20197459,411.49838,293.76578,0,0
-1,0.000000000007384815,0.000006321343,0.000007676598,0.21958375,567.35785,372.2351,0,0
-1,0.0000000000074033436,0.0000062966246,0.000007676988,0.21748666,568.59045,370.4672,0,0
-1,0.0000000000055284262,0.0000072132207,0.000008976176,0.4569181,613.9286,593.63293,0,0
-1,0.000000000009593636,0.0000073220285,0.0000070072256,0.16468441,299.23364,268.71973,0,0
-1,0.000000000007366421,0.0000062862046,0.0000076199935,0.22172955,569.62006,370.493,0,0
-1,0.00000000000741393,0.0000062870904,0.0000077589275,0.21385527,567.9475,370.07858,0,0
-1,0.00000000000533745,0.000003966582,0.000007718468,0.2900645,268.1896,257.00186,0,0
-1,0.000000000004594532,0.000008401297,0.000009921129,0.48207203,339.7945,254.12328,0,0
-1,0.0000000000067483293,0.0000049176624,0.00000917915,0.25236657,1010.49664,386.05353,0,0
-1,0.000000000007400575,0.0000063057137,0.0000077162695,0.21786131,567.352,371.41458,0,0
-1,0.000000000007362023,0.0000062851514,0.000007627636,0.22135347,569.6057,373.03296,0,0
-1,0.0000000000073620155,0.0000062921963,0.000007633857,0.22184154,569.5869,373.04633,0,0
-1,0.000000000007408582,0.000006293357,0.000007686086,0.21801959,567.8566,370.7593,0,0
-1,0.000000000004374747,0.0000063063753,0.000005091537,0.10142623,630.7785,703.6405,0,0
-1,0.000000000006075327,0.0000047896333,0.0000060986176,0.05192706,1363.9252,346.14026,0,0
-1,0.000000000007391594,0.0000063086945,0.000007708347,0.21591893,565.72363,370.98987,0,0
-1,0.000000000007454968,0.000006343028,0.000007681119,0.2153015,571.5133,367.74258,0,0
-1,0.000000000006343039,0.000004744677,0.0000072357116,0.21662536,525.98956,374.53925,0,0
-1,0.000000000007471708,0.0000063263246,0.000007697567,0.21370883,575.0283,363.93845,0,0
-1,0.000000000007365377,0.0000062921763,0.0000076365795,0.2218676,568.4805,373.35663,0,0
-1,0.000000000009580021,0.000002092558,0.000005796683,0.39072284,453.13983,520.601,0,0
-1,0.000000000005915257,0.000006623349,0.000009849631,0.33290625,270.93353,598.4461,0,0
-1,0.000000000005509246,0.0000074884056,0.0000073911265,0.07547602,1225.9971,1013.5237,0,0
-1,0.000000000006226032,0.000009321414,0.0000076064125,0.121605106,441.29648,253.88553,0,0
-1,0.0000000000049465453,0.000008577994,0.000008922959,0.3805046,596.73206,514.3054,0,0
-1,0.000000000008818951,0.000006788358,0.00000771015,0.22092542,314.58957,661.372,0,0
-1,0.00000000000739803,0.0000063131574,0.00000766471,0.22462496,566.83685,376.5369,0,0
-1,0.000000000007425528,0.000006313906,0.000007649291,0.22235207,567.1266,372.77737,0,0
-1,0.000000000007423313,0.000006315173,0.00000768587,0.21861842,570.03613,370.16324,0,0
-1,0.000000000007786279,0.0000044849985,0.000007122077,0.06909179,759.5161,340.9601,0,0
-1,0.000000000007432349,0.0000063261677,0.0000076535525,0.22443858,566.79755,370.5583,0,0
-1,0.000000000007386072,0.0000063121065,0.000007704491,0.21519212,566.7307,372.7861,0,0
-1,0.000000000007366214,0.000006341888,0.000007695578,0.21811834,568.0133,369.38968,0,0
-1,0.000000000007357295,0.000006279831,0.000007625505,0.22187947,567.3948,373.2463,0,0
-1,0.000000000009796822,0.0000042605916,0.000005102441,0.11534119,274.99838,695.8474,0,0
-1,0.000000000007413706,0.000006311481,0.00000763671,0.22310685,568.1742,373.40518,0,0
-1,0.000000000007447938,0.0000062912277,0.000007750477,0.21407548,568.10864,371.47443,0,0
-1,0.000000000009628871,0.000005930832,0.000006558407,0.20043859,959.221,283.23013,0,0
-1,0.000000000007400688,0.0000063056873,0.000007715988,0.21790002,567.359,371.41437,0,0
-1,0.000000000006505119,0.0000079565625,0.000004380622,0.8081467,668.079,912.85394,0,0
-1,0.0000000000062479154,0.00000052495193,0.0000048828065,0.20551187,271.93307,1308.3623,0,0
-1,0.000000000007383822,0.000006346367,0.000007681182,0.21801054,570.17914,370.15335,0,0
-1,0.000000000007807299,0.000009246885,0.0000052271494,0.2555575,367.8602,716.05237,0,0
-1,0.000000000008264154,0.0000039687966,0.000006462603,0.3213585,988.5213,298.6602,0,0
-1,0.000000000006240088,0.000008090602,0.00000654548,0.008562678,278.3994,265.08633,0,0
-1,0.0000000000074549976,0.0000063430825,0.000007681381,0.2152856,571.51373,367.73618,0,0
-1,0.000000000007371953,0.0000062960917,0.000007665142,0.21852471,567.0637,373.0204,0,0
-1,0.000000000007388265,0.0000063219786,0.0000077109735,0.21540263,565.69196,370.42963,0,0
-1,0.000000000007452191,0.0000063080834,0.0000077137365,0.2149888,574.54816,366.3034,0,0
-1,0.000000000008803082,0.0000044319436,0.0000026084163,0.7185503,504.9861,266.09824,0,0
-1,0.0000000000074092356,0.0000063081666,0.000007706554,0.21936178,567.26184,372.51788,0,0
-1,0.000000000005637943,0.000005935734,0.0000067775777,0.24098676,369.21936,883.25885,0,0
-1,0.000000000009554763,0.000008971044,0.0000048969946,0.5029174,266.7392,841.12946,0,0
-1,0.0000000000050983905,0.0000052774276,0.0000069562625,0.30411696,670.7324,890.885,0,0
-1,0.000000000007446611,0.0000063203424,0.000007652517,0.22380388,570.05194,372.9636,0,0
-1,0.000000000005385177,0.000003837379,0.0000022477416,0.03539633,575.69086,304.73053,0,0
-1,0.000000000007397675,0.0000062998097,0.000007723859,0.21789213,567.3532,371.70065,0,0
-1,0.000000000004541197,0.000007916706,0.000006289972,0.32049662,928.8351,289.2784,0,0
-1,0.0000000000071723404,0.0000049632276,0.000007696064,0.106035136,712.40576,307.7981,0,0
-1,0.0000000000065714665,0.0000069450452,0.0000070042074,0.18844713,832.7556,501.045,0,0
-1,0.000000000009039547,0.000008634991,0.000008483954,0.1565306,779.2508,406.30725,0,0
-1,0.000000000005607288,0.0000042591923,0.000009181519,0.33271587,566.34796,292.6673,0,0
-1,0.000000000007461108,0.0000063214484,0.000007659668,0.22480607,565.43054,372.45282,0,0
-1,0.0000000000025991603,0.000007788177,0.000009236968,0.9707432,479.4063,1938.9762,0,0
-1,0.000000000007351037,0.000006317016,0.000007643885,0.22069317,567.8068,372.8534,0,0
-1,0.0000000000089553105,0.0000039748857,0.000007769959,0.34428734,432.34448,829.9149,0,0
-1,0.000000000007448974,0.0000063090374,0.000007645048,0.22294268,567.8009,372.85397,0,0
-1,0.000000000007440078,0.000006317288,0.000007647195,0.22454496,566.8479,372.6445,0,0
-1,0.0000000000074383485,0.000008167372,0.0000070600463,0.48493186,823.1457,1127.739,0,0
-1,0.0000000000019240304,0.000005175609,0.0000014487649,0.67741966,1321.4971,667.9763,0,0
-1,0.000000000007380963,0.0000062940207,0.000007677861,0.2201013,567.3925,373.52658,0,0
-1,0.000000000007374059,0.000006334976,0.000007689007,0.2185239,567.57,368.15146,0,0
-1,0.0000000000065065475,0.000007957413,0.00000438068,0.808235,668.2387,912.75934,0,0
-1,0.0000000000066467777,0.0000038908265,0.00000924578,0.31901914,583.1588,405.99582,0,0
-1,0.0000000000070302774,0.0000026829566,0.0000067454553,0.09862681,797.9125,324.86417,0,0
-1,0.000000000007787768,0.0000044980047,0.0000071402555,0.06696483,760.92285,339.18796,0,0
-1,0.000000000007231321,0.000009526797,0.0000018411008,0.90041095,989.4553,265.85098,0,0
-1,0.00000000000747688,0.0000072783373,0.0000068355953,0.42808962,814.4825,1032.636,0,0
-1,0.000000000007478066,0.000006321391,0.0000077452,0.21138282,574.9642,364.28598,0,0
-1,0.000000000007451428,0.0000063180937,0.000007657122,0.22452176,567.52704,370.76346,0,0
-1,0.000000000007425516,0.0000062957165,0.000007674948,0.22044647,567.9418,374.47986,0,0
-1,0.000000000007454308,0.0000063352104,0.000007727882,0.2148219,574.49316,364.11642,0,0
-1,0.000000000008299881,0.0000053456365,0.000009355999,0.10743937,982.5132,795.5269,0,0
-1,0.000000000007384603,0.00000631155,0.00000767628,0.21906947,568.3883,372.15298,0,0
-1,0.000000000007407609,0.000006305727,0.00000771551,0.21788147,567.3668,370.30313,0,0
-1,0.0000000000074827965,0.000006297256,0.000007675872,0.22019202,568.8866,371.1042,0,0
-1,0.000000000007390076,0.00000632234,0.000007677327,0.22190848,567.1743,375.7388,0,0
-1,0.000000000006912515,0.000004982462,0.00000473884,0.11326732,1144.9006,264.23636,0,0
-1,0.000000000007206635,0.000009820772,0.000006631457,0.021282295,265.45325,311.1846,0,0
-1,0.0000000000073985835,0.0000062730046,0.000007666325,0.21857798,569.84735,371.35327,0,0
-1,0.000000000007381365,0.0000063053603,0.000007675206,0.21910448,568.14233,371.242,0,0
-1,0.000000000009553684,0.0000075503763,0.0000069699377,0.2023432,521.537,333.57874,0,0
-1,0.000000000005409869,0.000007664269,0.000009606205,0.038373224,406.38574,1087.6471,0,0
-1,0.000000000007417459,0.0000062934832,0.000007760024,0.21380898,568.22577,370.96524,0,0
-1,0.000000000007379169,0.0000062679924,0.000007637931,0.22300419,570.93176,370.48962,0,0
-1,0.00000000000739626,0.000006308722,0.000007695989,0.21846887,567.88354,371.2193,0,0
-1,0.0000000000043953803,0.0000058344517,0.000007822129,0.19920233,289.25104,1223.3376,0,0
-1,0.000000000007422789,0.000006316747,0.000007688786,0.22093792,567.8212,372.79037,0,0
-1,0.000000000007370773,0.0000062765907,0.000007648205,0.22196029,566.7985,375.62433,0,0
-1,0.000000000007418358,0.000006310787,0.000007705303,0.22098675,566.0116,372.19293,0,0
-1,0.000000000007362133,0.000006292223,0.00000763409,0.22181685,569.5909,373.03635,0,0
-1,0.000000000009170014,0.0000078515095,0.0000050233652,0.10655181,512.4621,1478.0973,0,0
-1,0.000000000007377055,0.0000063255907,0.000007700477,0.21447232,566.5538,363.30493,0,0
-1,0.0000000000014542032,0.0000033247206,0.000007806617,0.55179787,289.36404,877.7162,0,0
-1,0.0000000000046461494,0.000009481114,0.000007454465,0.9871343,262.5998,252.05402,0,0
-1,0.0000000000072245374,0.000009526182,0.0000018402477,0.90055656,989.73425,265.7245,0,0
-1,0.000000000007459048,0.0000063183875,0.000007713637,0.21556175,572.37854,363.88953,0,0
-1,0.000000000007430508,0.0000063265475,0.000007679562,0.21665794,569.2669,370.09583,0,0
-1,0.000000000007427818,0.00000630472,0.000007666309,0.22053868,568.1869,372.69366,0,0
-1,0.0000000000063548433,0.0000072980406,0.000008063211,0.27576026,438.9694,294.93967,0,0
-1,0.0000000000048424806,0.0000030446183,0.000009552751,0.45025936,567.5583,273.7758,0,0
-1,0.0000000000074116885,0.0000063107987,0.000007700499,0.22081345,565.66455,371.98212,0,0
-1,0.0000000000092100945,0.000005173585,0.000009297168,0.39981502,1331.5676,694.38043,0,0
-1,0.000000000007385884,0.0000063056236,0.000007712344,0.21557692,565.8374,371.30194,0,0
-1,0.000000000007418264,0.000006310887,0.0000076979095,0.22080347,567.15564,373.60873,0,0
-1,0.0000000000060234313,0.0000038806934,0.0000058586343,0.84185135,261.34952,254.29124,0,0
-1,0.000000000007404063,0.0000062950808,0.000007715272,0.21862186,566.41394,371.69275,0,0
-1,0.000000000007384975,0.0000063255543,0.000007665246,0.22124541,565.95435,375.25183,0,0
-1,0.000000000007020521,0.0000051195198,0.000005618518,0.043666445,763.2104,273.88123,0,0
-1,0.000000000007447933,0.000006328379,0.000007711804,0.21480384,571.7422,366.67102,0,0
-1,0.0000000000065896156,0.0000037216755,0.000003500061,0.34027377,262.51962,254.76025,0,0
-1,0.0000000000073963535,0.000006315552,0.000007716733,0.2155158,565.56964,373.09998,0,0
-1,0.000000000007375972,0.000006300969,0.000007646902,0.22328645,568.8,373.6676,0,0
-1,0.000000000007429555,0.000006303043,0.000007670275,0.21435356,567.4542,364.84717,0,0
-1,0.000000000007384253,0.0000062895174,0.000007733214,0.21617785,568.9395,369.4439,0,0
-1,0.0000000000038394583,0.000006647186,0.0000069794874,0.3201558,711.8426,391.54788,0,0
-1,0.00000000000744031,0.0000063173575,0.000007647132,0.22456141,566.8499,372.64835,0,0
-1,0.000000000007400367,0.000006305707,0.000007715944,0.217901,567.32104,371.4459,0,0
-1,0.000000000007388607,0.000006306517,0.000007729305,0.21432778,565.6784,370.71402,0,0
-1,0.0000000000043539053,0.000006295583,0.000005076553,0.10376764,629.1364,706.2288,0,0
-1,0.000000000007400493,0.0000063055463,0.000007715883,0.21789101,567.36206,371.41763,0,0
-1,0.000000000007387711,0.0000062877307,0.000007669919,0.22010331,563.7795,374.208,0,0
-1,0.000000000008023246,0.000006721312,0.000005676482,0.15238068,924.7297,418.1743,0,0
-1,0.00000000000739126,0.000006296122,0.0000077183595,0.2176184,567.2088,370.84286,0,0
-1,0.00000000000753087,0.0000034758411,0.0000057283078,0.7022729,865.9231,269.2085,0,0
-1,0.0000000000050867197,0.000005287396,0.0000069348253,0.30583626,668.9992,893.16925,0,0
-1,0.0000000000053337283,0.0000062773574,0.0000073141814,0.47108167,977.49396,530.849,0,0
-1,0.0000000000059592956,0.0000035225926,0.0000021543713,0.14824861,420.18134,868.09564,0,0
-1,0.000000000007355787,0.0000062989443,0.000007639777,0.22188306,570.3774,373.34158,0,0
-1,0.000000000007432827,0.0000063305833,0.000007664617,0.22471558,565.3175,371.2244,0,0
-1,0.000000000007407295,0.000006296087,0.0000076535825,0.22396795,566.8009,375.38657,0,0
-1,0.000000000007443127,0.000006331062,0.0000076442275,0.22383353,568.512,370.34357,0,0
-1,0.000000000007385418,0.000006304552,0.000007676766,0.21977139,568.0426,372.21362,0,0
-1,0.0000000000033541431,0.000004388796,0.00000940348,0.54691553,308.6285,863.97235,0,0
-1,0.0000000000056148276,0.000009196658,0.000009376299,0.2616885,304.61328,825.83484,0,0
-1,0.000000000007417836,0.000006310663,0.000007697744,0.22079392,567.16235,373.62506,0,0
-1,0.000000000007552362,0.000009532312,0.000009925427,0.54425657,260.514,270.12735,0,0
-1,0.000000000007418934,0.000006277129,0.000007670043,0.21961717,569.35876,371.26697,0,0
-1,0.0000000000074505315,0.0000063476245,0.000007673191,0.2158424,569.50934,365.6953,0,0
-1,0.000000000009853744,0.000006100546,0.000004884277,0.955838,916.72784,514.628,0,0
-1,0.000000000007422355,0.000006313977,0.000007699625,0.21863106,569.83795,370.8491,0,0
-1,0.000000000007417414,0.000006293469,0.000007760014,0.21381278,568.2108,370.9638,0,0
-1,0.000000000009695773,0.000009147226,0.0000058857495,0.04743363,803.781,277.8217,0,0
-1,0.0000000000059764034,0.000004821112,0.000008894492,0.15899613,759.5376,301.1045,0,0
-1,0.000000000007383277,0.0000063214534,0.000007683929,0.21832803,568.3036,370.2858,0,0
-1,0.0000000000074522645,0.0000063169805,0.000007706203,0.21526955,573.7669,366.30988,0,0
-1,0.000000000007400341,0.0000063056495,0.000007715854,0.21789403,567.3263,371.45523,0,0
-1,0.000000000007440234,0.000006312818,0.000007707144,0.21709308,570.6336,368.1664,0,0
-1,0.000000000007416817,0.0000063042003,0.000007668057,0.21952082,565.35693,371.77353,0,0
-1,0.000000000007899522,0.000008675963,0.000009548274,0.33021578,982.04645,624.7341,0,0
-1,0.000000000006358866,0.000006639552,0.0000061477804,0.13018815,1295.4142,289.06863,0,0
-1,0.000000000007389191,0.0000063141924,0.000007703437,0.21812761,567.1799,370.29416,0,0
-1,0.000000000007443346,0.000006320169,0.000007698642,0.2133252,572.1423,365.89767,0,0
-1,0.0000000000073648145,0.0000063002294,0.000007633642,0.22266969,567.85986,370.05444,0,0
-1,0.000000000007397008,0.0000062941563,0.0000077122295,0.21835566,565.9788,371.72916,0,0
-1,0.000000000007454381,0.0000062993054,0.000007718629,0.21454903,572.30884,364.1645,0,0
-1,0.000000000007360024,0.000006277771,0.000007645296,0.2216911,570.56915,371.3766,0,0
-1,0.0000000000073911354,0.0000063332973,0.000007684797,0.21786268,568.01556,369.49658,0,0
-1,0.0000000000025730093,0.0000070925844,0.00000882935,0.22260052,671.9472,864.3936,0,0
-1,0.000000000007408632,0.0000062927224,0.000007654709,0.2218944,569.4752,375.4493,0,0
-1,0.000000000007370069,0.000006303406,0.000007637293,0.22167037,568.73694,373.01187,0,0
-1,0.000000000007411421,0.0000063022812,0.000007714525,0.21768641,565.02985,371.98764,0,0
-1,0.000000000007399736,0.0000063055318,0.000007715898,0.21788794,567.3658,371.13718,0,0
-1,0.000000000007405056,0.0000062788777,0.000007667167,0.21880752,570.27026,371.05203,0,0
-1,0.0000000000074193455,0.000006288386,0.00000770496,0.21557786,568.8468,371.9733,0,0
-1,0.000000000006888541,0.000007731714,0.0000060311545,0.06837457,773.871,728.7764,0,0
-1,0.000000000007395839,0.000006307328,0.000007672397,0.2246398,566.8452,377.1101,0,0
-1,0.000000000007406266,0.000006292282,0.000007690632,0.21834676,568.6051,370.68817,0,0
-1,0.0000000000073886695,0.0000063065636,0.000007729528,0.21430367,565.6639,370.68805,0,0
-1,0.000000000007423409,0.0000063149955,0.000007685714,0.21859428,570.0358,370.14856,0,0
-1,0.000000000007393503,0.0000063130865,0.000007663646,0.22463138,565.832,376.78378,0,0
-1,0.000000000007456918,0.000006321369,0.000007659569,0.2245023,566.7519,372.45706,0,0
-1,0.000000000007395777,0.0000063196567,0.000007683318,0.21653865,564.99493,371.8268,0,0
-1,0.000000000007397596,0.0000063172865,0.000007715095,0.21956566,566.546,374.40182,0,0
-1,0.000000000007367849,0.000006318374,0.000007636937,0.22202027,566.538,372.97363,0,0
-1,0.000000000007459241,0.000006285451,0.0000076804945,0.21954161,568.1516,370.10492,0,0
-1,0.0000000000062536495,0.00000052501065,0.000004883076,0.20558017,271.75568,1308.5265,0,0
-1,0.000000000007397215,0.0000063054417,0.000007710406,0.21787861,568.0975,370.19193,0,0
-1,0.0000000000004868449,0.0000083830755,0.0000034138513,0.81693923,1178.1307,303.70032,0,0
-1,0.0000000000074061,0.0000073891165,0.000008036569,0.50013053,423.1392,323.04605,0,0
-1,0.0000000000081922065,0.0000052314795,0.000004940208,0.058625706,337.0488,822.8596,0,0
-1,0.000000000007423995,0.0000063016805,0.000007710131,0.21789068,566.8677,369.01413,0,0
-1,0.000000000007386225,0.000006312034,0.000007704208,0.215237,566.7089,372.82013,0,0
-1,0.000000000007400587,0.0000063057073,0.000007715559,0.21792266,567.3511,371.39972,0,0
-1,0.000000000007404849,0.000006282542,0.000007665861,0.21881072,570.5614,371.06128,0,0
-1,0.000000000007421667,0.000006295845,0.000007760278,0.21380128,568.48694,371.25925,0,0
-1,0.0000000000085940205,0.000006776705,0.0000069253792,0.054894716,1120.1716,735.89655,0,0
-1,0.00000000000740482,0.000006278797,0.000007665976,0.21879323,569.85046,371.05698,0,0
-1,0.0000000000074051945,0.0000062886957,0.000007655995,0.21973482,569.23114,371.51785,0,0
-1,0.000000000007365627,0.000006275067,0.000007642105,0.22108787,568.00104,373.64355,0,0
-1,0.0000000000073742635,0.000006302141,0.000007669132,0.21853045,568.16156,372.90396,0,0
-1,0.0000000000074277685,0.0000063419984,0.000007635625,0.22016086,568.62775,372.16196,0,0
-1,0.000000000007409838,0.000006293214,0.00000764721,0.22115216,564.5073,372.33096,0,0
-1,0.000000000005361695,0.000004280037,0.0000098430555,0.18051441,941.59283,254.19406,0,0
-1,0.000000000007419136,0.0000062890263,0.0000076686065,0.21916826,567.55585,371.82095,0,0
-1,0.00000000000773997,0.000005980106,0.000003912338,0.040772315,344.3911,271.87988,0,0
-1,0.000000000007426301,0.0000063113644,0.000007711033,0.21659067,570.5624,368.87463,0,0
-1,0.000000000006648974,0.000007768093,0.0000024094634,0.2635397,331.83853,278.50134,0,0
-1,0.0000000000041159892,0.0000049019227,0.000008217173,0.097186506,1035.1483,604.9696,0,0
-1,0.000000000007362005,0.0000062920844,0.0000076333545,0.22175992,569.873,373.03488,0,0
-1,0.000000000007434074,0.00000629548,0.000007736409,0.21499784,564.39777,371.7443,0,0
-1,0.000000000009058482,0.0000073570723,0.0000055942737,0.04565477,713.1825,275.34802,0,0
-1,0.0000000000086413585,0.000007649027,0.000007753234,0.038377196,897.46747,270.67606,0,0
-1,0.000000000007407365,0.0000063055695,0.000007715856,0.21785702,567.3664,370.29276,0,0
-1,0.000000000008802438,0.000004430829,0.0000026064297,0.7186949,504.86075,265.92465,0,0
-1,0.000000000007415508,0.0000062777663,0.0000076649185,0.21963397,566.1764,372.15607,0,0
-1,0.000000000007378672,0.0000062919953,0.000007637254,0.22197214,567.152,371.77902,0,0
-1,0.000000000007411665,0.000006293523,0.0000076436545,0.21949616,567.95557,372.82498,0,0
-1,0.0000000000072158507,0.0000066742796,0.000009386512,0.16342045,762.39435,345.01685,0,0
-1,0.000000000007371729,0.0000063016673,0.000007634903,0.22270063,567.4286,373.54572,0,0
-1,0.00000000000736874,0.0000062891077,0.000007632658,0.22293045,568.25287,370.74658,0,0
-1,0.0000000000098688245,0.0000041953904,0.0000077614495,0.5054956,416.1079,256.12695,0,0
-1,0.000000000007425181,0.0000063031703,0.000007697828,0.2206656,567.1486,373.61337,0,0
-1,0.0000000000074111585,0.0000063000875,0.000007635384,0.2209044,565.17566,372.04922,0,0
-1,0.0000000000060301577,0.000009414201,0.0000027833053,0.35770255,764.9735,669.377,0,0
-1,0.000000000007418882,0.000006316856,0.00000768881,0.22063918,569.1185,372.8052,0,0
-1,0.000000000007415663,0.000006295448,0.000007643709,0.22035104,567.1801,374.09595,0,0
-1,0.000000000007421527,0.000006352126,0.000007643361,0.22059695,565.60376,370.83008,0,0
-1,0.000000000007422355,0.000006313977,0.000007699625,0.21863106,569.83795,370.8491,0,0
-1,0.00000000000742345,0.000006315081,0.000007685961,0.21859258,570.04865,370.15475,0,0
-1,0.000000000007436952,0.0000063266366,0.0000076866845,0.22144991,566.42975,370.57428,0,0
-1,0.000000000006810193,0.0000046484283,0.000009496541,0.04880681,926.2947,672.0821,0,0
-1,0.000000000007396518,0.0000063291996,0.000007661561,0.2187399,565.25323,373.70462,0,0
-1,0.0000000000005956537,0.0000058029123,0.000006596447,0.94708747,464.824,990.10626,0,0
-1,0.000000000005165805,0.0000061039323,0.0000064644805,0.52007073,815.45123,254.71915,0,0
-1,0.0000000000073633,0.000006295385,0.0000076325505,0.22230056,567.84283,370.6597,0,0
-1,0.000000000007386583,0.0000063293264,0.000007680945,0.21964613,567.28357,372.36267,0,0
-1,0.0000000000073938165,0.0000063003868,0.000007713938,0.21764039,565.2228,370.71878,0,0
-1,0.000000000007386324,0.0000063121242,0.000007704183,0.21523571,566.7367,372.78345,0,0
-1,0.0000000000025973978,0.000007788156,0.000009236726,0.9708108,479.3396,1939.1553,0,0
-1,0.000000000007372481,0.000006309791,0.000007651764,0.2221757,565.9346,373.53113,0,0
-1,0.0000000000074586405,0.0000063136526,0.0000077179075,0.2145286,571.1699,360.6632,0,0
-1,0.000000000007354418,0.00000629133,0.000007664306,0.21990424,567.7312,376.15295,0,0
-1,0.00000000000756652,0.000009820983,0.000003637543,0.28056064,265.5566,303.3631,0,0
-1,0.000000000006059321,0.0000047920767,0.0000060819025,0.054156646,1361.1832,348.5885,0,0
-1,0.000000000007435697,0.000006332483,0.000007654952,0.22436371,567.06506,371.45267,0,0
-1,0.000000000007395158,0.0000062941012,0.000007723836,0.21755546,566.5725,372.01816,0,0
-1,0.000000000007358426,0.000006280662,0.000007629723,0.22233751,568.2259,373.38837,0,0
-1,0.0000000000009622411,0.00000956738,0.0000049645723,0.30189466,421.32227,827.5209,0,0
-1,0.00000000000735298,0.0000062952477,0.0000076206784,0.2204182,567.9657,372.04315,0,0
-1,0.0000000000059157497,0.000006624633,0.000009846713,0.3332011,270.9884,598.6223,0,0
-1,0.0000000000044592732,0.0000054981515,0.000005312273,0.0326798,970.61285,267.42798,0,0
-1,0.000000000007407433,0.000006293464,0.00000768029,0.21763146,567.32056,369.82935,0,0
-1,0.000000000007394285,0.000006305536,0.000007715565,0.21832193,566.2679,370.68155,0,0
-1,0.0000000000073632446,0.000006273582,0.0000076232236,0.22267313,570.40137,368.4862,0,0
-1,0.0000000000073699475,0.000006303338,0.000007637435,0.2216682,568.7142,373.01596,0,0
-1,0.000000000007403851,0.0000063115185,0.000007671938,0.22507434,563.3283,377.20673,0,0
-1,0.0000000000058000185,0.0000057412267,0.000009300341,0.89896876,1082.3656,458.48782,0,0
-1,0.000000000007356961,0.0000062799304,0.000007625569,0.2218408,567.3944,373.27234,0,0
-1,0.0000000000073643305,0.0000063010943,0.000007641165,0.22245863,566.0544,371.245,0,0
-1,0.000000000007452303,0.00000631699,0.000007706438,0.21524633,573.7671,366.30096,0,0
-1,0.000000000007362225,0.000006292232,0.00000763412,0.22183035,569.5904,373.04492,0,0
-1,0.000000000007417397,0.000006293441,0.000007760229,0.2137779,568.2302,370.9358,0,0
-1,0.000000000007394262,0.00000633818,0.000007682976,0.2228341,564.9815,375.234,0,0
-1,0.000000000009874801,0.000003976991,0.000008337606,0.9614433,693.90906,1799.6166,0,0
-1,0.00000000000739207,0.000006310216,0.000007665956,0.21850197,569.8452,371.02783,0,0
-1,0.000000000007456865,0.000006321376,0.000007659473,0.22452037,566.7393,372.47736,0,0
-1,0.000000000009586686,0.000002092637,0.0000058169467,0.38940516,453.10208,520.2168,0,0
-1,0.000000000007449367,0.000006309136,0.000007645067,0.22295289,567.83466,372.7981,0,0
-1,0.000000000007395563,0.000006319411,0.000007722264,0.2182127,566.1712,371.80508,0,0
-1,0.000000000007406382,0.000006301054,0.000007716327,0.21876523,565.74976,371.80414,0,0
-1,0.000000000007426155,0.0000063112534,0.000007710777,0.2165942,570.5589,368.87692,0,0
-1,0.000000000007389641,0.0000063097264,0.0000076654305,0.2242117,567.99866,374.90366,0,0
-1,0.000000000007396267,0.000006296082,0.00000765593,0.22062108,569.8194,370.18292,0,0
-1,0.000000000007406174,0.0000063101893,0.000007677728,0.21799962,567.01587,372.44904,0,0
-1,0.000000000007410516,0.0000063054786,0.000007710222,0.21700144,568.14844,371.39142,0,0
-1,0.000000000007381305,0.0000062989134,0.000007679061,0.21986908,568.4798,371.46573,0,0
-1,0.0000000000058694763,0.0000072049456,0.000007324699,0.43694726,574.4281,491.364,0,0
-1,0.000000000007379614,0.000006307069,0.000007702586,0.21495187,564.5815,372.10193,0,0
-1,0.000000000007387253,0.0000062610065,0.000007638844,0.22168244,570.9927,370.24652,0,0
-1,0.000000000007458251,0.000006348005,0.000007711247,0.21620059,573.79626,366.3931,0,0
-1,0.00000000000736184,0.0000062921526,0.000007634013,0.22182155,569.5899,373.0584,0,0
-1,0.0000000000073983545,0.0000063183998,0.0000077336035,0.217024,566.9702,371.93076,0,0
-1,0.000000000007378385,0.000006313714,0.000007627885,0.22331718,568.5284,373.9913,0,0
-1,0.000000000007350572,0.0000062798326,0.0000076290544,0.22158319,568.0457,373.4449,0,0
-1,0.0000000000020903158,0.000001152658,0.000008510036,0.6429295,929.9019,657.85034,0,0
-1,0.000000000007391587,0.000006322638,0.000007691311,0.22246253,566.7981,375.56363,0,0
-1,0.000000000007370144,0.000006303345,0.00000763772,0.22164959,568.72894,373.01413,0,0
-1,0.000000000007390074,0.000006311753,0.000007658972,0.22091787,567.1363,374.83398,0,0
-1,0.000000000007447726,0.0000063230436,0.000007652313,0.22434647,568.6444,373.26443,0,0
-1,0.000000000007411177,0.0000063010734,0.000007640023,0.21936397,566.4114,374.08597,0,0
-1,0.0000000000066992523,0.000008464246,0.000007823612,0.06727542,762.29004,307.6803,0,0
-1,0.0000000000073623425,0.000006275051,0.00000762361,0.22158177,568.01544,373.64194,0,0
-1,0.00000000000742335,0.000006314919,0.000007685803,0.21861435,570.0256,370.1656,0,0
-1,0.000000000007389272,0.000006314244,0.00000770375,0.2181071,567.1731,370.28287,0,0
-1,0.000000000009822978,0.0000015453652,0.0000026267571,0.34374395,271.67142,866.5433,0,0
-1,0.000000000007400607,0.0000063056086,0.000007715784,0.21788746,567.36847,371.38318,0,0
-1,0.000000000007362059,0.000006292191,0.000007633913,0.22185312,569.59235,373.05026,0,0
-1,0.0000000000053370594,0.0000062473173,0.0000011864977,0.20203176,411.50833,293.78543,0,0
-1,0.00000000000745212,0.0000063171324,0.0000077060795,0.21528885,573.78973,366.316,0,0
-1,0.000000000007464776,0.0000063480193,0.000007714437,0.21618076,573.0404,366.36685,0,0
-1,0.000000000007458984,0.0000063183707,0.000007713805,0.21553817,572.3689,363.8875,0,0
-1,0.000000000007396496,0.0000063232296,0.000007683369,0.22247875,567.18164,375.27008,0,0
-1,0.000000000007400586,0.000006305427,0.000007715568,0.21792565,567.3842,371.4154,0,0
-1,0.000000000007389768,0.0000062928398,0.000007696972,0.21782377,568.89825,371.99365,0,0
-1,0.000000000007425804,0.0000062934623,0.000007760298,0.21378033,567.5425,370.804,0,0
-1,0.00000000000439272,0.0000058343603,0.000007812439,0.19967246,289.5197,1223.2253,0,0
-1,0.000000000007449333,0.0000063090815,0.000007644963,0.22291423,567.8421,372.8032,0,0
-1,0.000000000008875763,0.000009530445,0.0000021758708,0.822969,290.50473,486.49353,0,0
-1,0.000000000007361816,0.0000062829517,0.000007628227,0.22158132,570.3818,371.6095,0,0
-1,0.000000000007400601,0.000006307372,0.000007716426,0.21734394,567.3535,371.38266,0,0
-1,0.000000000007471696,0.000006354906,0.00000772153,0.21338488,569.19653,364.1265,0,0
-1,0.000000000007361775,0.0000062920603,0.0000076280426,0.22238456,569.5976,372.46115,0,0
-1,0.000000000007456955,0.0000063215534,0.000007659571,0.2245194,566.74023,372.473,0,0
-1,0.00000000000738982,0.000006309732,0.000007665499,0.22420083,568.009,374.87448,0,0
-1,0.000000000007420125,0.000006347978,0.000007646622,0.2209774,567.1201,371.59155,0,0
-1,0.000000000007472095,0.000006330622,0.0000077125305,0.21152914,571.56415,362.57715,0,0
-1,0.000000000008874854,0.000009530228,0.000002172856,0.8227663,290.5546,486.13815,0,0
-1,0.000000000007378113,0.000006313668,0.0000076279325,0.22335099,568.5065,374.03745,0,0
-1,0.000000000005712043,0.0000063133707,0.000009628177,0.035893958,985.88367,268.5278,0,0
-1,0.0000000000056460604,0.000009834006,0.000009945114,0.35915428,576.9201,665.6862,0,0
-1,0.000000000007386252,0.0000063121943,0.000007704555,0.21521707,566.7326,372.7787,0,0
-1,0.0000000000049343116,0.000006128589,0.000009275873,0.37859237,1288.3127,280.9004,0,0
-1,0.000000000007435118,0.0000063047232,0.000007635153,0.21877548,568.4401,371.71765,0,0
-1,0.000000000007367093,0.0000063349626,0.000007684866,0.2180954,569.368,369.7738,0,0
-1,0.000000000007413872,0.000006284462,0.000007760305,0.21415533,568.98914,370.93967,0,0
-1,0.000000000005797554,0.00000573681,0.000009301305,0.8987799,1082.0161,458.83798,0,0
-1,0.000000000007452885,0.0000063152193,0.000007652436,0.22369301,567.2968,372.6389,0,0
-1,0.0000000000074365835,0.0000063058965,0.0000076433425,0.22503115,565.4634,373.0012,0,0
-1,0.0000000000060160076,0.000008062079,0.000006067145,0.25061324,1016.0568,548.6338,0,0
-1,0.000000000007375485,0.0000062617405,0.0000076495035,0.22199279,568.66187,368.74063,0,0
-1,0.000000000007396745,0.0000063196176,0.000007706538,0.21367063,567.9585,367.8854,0,0
-1,0.000000000007361858,0.0000062918907,0.0000076336355,0.22186185,569.60455,373.05142,0,0
-1,0.000000000007381406,0.0000062989475,0.0000076791985,0.21986552,568.474,371.45694,0,0
-1,0.000000000007440368,0.0000063174466,0.000007647229,0.22454599,566.8328,372.65637,0,0
-1,0.000000000007413378,0.0000063084217,0.0000077132145,0.21725057,568.9597,370.1381,0,0
-1,0.000000000009787481,0.0000062934396,0.0000060328475,0.11552321,807.84326,970.5325,0,0
-1,0.000000000007456317,0.00000630679,0.000007651595,0.22537537,564.9791,371.79318,0,0
-1,0.0000000000074049196,0.0000062789663,0.000007665896,0.21881033,569.83734,371.06528,0,0
-1,0.000000000007361814,0.0000062921313,0.000007642386,0.22183722,569.59314,371.5218,0,0
-1,0.000000000007387147,0.000006306018,0.000007666933,0.22090428,567.1443,375.12192,0,0
-1,0.000000000007386783,0.0000063005295,0.0000076698225,0.22448899,567.8788,373.4219,0,0
-1,0.000000000007460142,0.0000063427415,0.0000076796405,0.21584527,569.2214,364.50974,0,0
-1,0.000000000002598109,0.000007789288,0.000009236309,0.97119224,479.26813,1939.5144,0,0
-1,0.000000000007407253,0.00000629044,0.000007739747,0.21721,566.401,369.93613,0,0
-1,0.000000000007406266,0.000006292282,0.000007690632,0.21834676,568.6051,370.68817,0,0
-1,0.000000000007361449,0.0000062838876,0.000007638628,0.22232199,567.55664,375.08093,0,0
-1,0.0000000000075521984,0.000009532061,0.000009923633,0.54414016,260.58853,270.28424,0,0
-1,0.0000000000072277796,0.000009532926,0.0000018419312,0.9009181,989.94525,265.24405,0,0
-1,0.000000000007362181,0.000006292269,0.000007633912,0.22184294,569.5906,373.04504,0,0
-1,0.000000000007406192,0.000006333655,0.00000772954,0.21794999,568.79846,366.82925,0,0
-1,0.0000000000073618455,0.000006292169,0.000007633936,0.22184981,569.5722,373.06427,0,0
-1,0.0000000000073399125,0.0000042652646,0.000009714838,0.028077992,694.4871,278.40063,0,0
-1,0.000000000007375655,0.0000062960626,0.000007652722,0.2232483,567.71747,375.24753,0,0
-1,0.000000000007404831,0.0000062787913,0.0000076658,0.21881126,569.83636,371.06964,0,0
-1,0.000000000007456976,0.0000063214234,0.000007659329,0.22452362,566.7523,372.47122,0,0
-1,0.00000000000756765,0.000009821279,0.0000036339138,0.28087226,265.39035,303.54526,0,0
-1,0.000000000007406038,0.000006310026,0.000007677856,0.21801314,567.01746,372.47403,0,0
-1,0.00000000000738623,0.000006312174,0.000007704586,0.21520773,566.7319,372.77637,0,0
-1,0.000000000007420861,0.0000063125144,0.000007677181,0.21809153,568.37476,368.31693,0,0
-1,0.000000000007446601,0.0000063119255,0.000007652639,0.2232069,568.551,373.26132,0,0
-1,0.000000000008916833,0.000009480882,0.0000074525683,0.98712385,908.5699,909.30225,0,0
-1,0.000000000007394634,0.0000062995127,0.000007713436,0.21761099,568.3728,370.90866,0,0
-1,0.000000000007423469,0.0000063097714,0.000007684073,0.21724091,570.7336,370.39352,0,0
-1,0.000000000007377873,0.000006306113,0.000007629654,0.21836743,566.2376,372.58963,0,0
-1,0.000000000007356993,0.000006279786,0.000007625706,0.22182058,567.39856,373.25998,0,0
-1,0.000000000007400569,0.0000063056837,0.00000771601,0.21788526,567.34973,371.38638,0,0
-1,0.000000000007415554,0.0000063037346,0.000007681906,0.21890567,569.0082,369.99014,0,0
-1,0.000000000007464776,0.0000063480697,0.000007714526,0.21618555,573.0406,366.37125,0,0
-1,0.000000000007452187,0.0000063170014,0.00000770601,0.2152778,573.772,366.31357,0,0
-1,0.000000000007390063,0.000006311692,0.000007653306,0.22090448,567.9113,373.8593,0,0
-1,0.000000000007904514,0.0000053650797,0.000003596631,0.959824,485.9463,310.74088,0,0
-1,0.00000000000630769,0.000003156433,0.000005446543,0.49613222,1467.4174,264.46198,0,0
-1,0.000000000005111863,0.000009839787,0.000009483057,0.06530783,263.80927,828.98914,0,0
-1,0.000000000007426149,0.000006311102,0.00000771098,0.21659267,570.56854,368.8828,0,0
-1,0.000000000007400316,0.000006305381,0.000007715622,0.21791592,567.3559,371.4258,0,0
-1,0.000000000007375751,0.000006284542,0.000007639073,0.22241776,568.77527,371.5202,0,0
-1,0.000000000007417184,0.00000629336,0.000007760036,0.21382755,568.1896,370.98672,0,0
-1,0.000000000007643529,0.0000053915956,0.000009734751,0.23272602,701.5621,474.01642,0,0
-1,0.0000000000074155985,0.00000629541,0.000007643744,0.22034529,567.1813,374.0857,0,0
-1,0.000000000008898983,0.0000034473705,0.000009820699,0.93867403,1380.724,266.4424,0,0
-1,0.000000000007389757,0.000006311722,0.000007659081,0.22089802,567.1343,374.82425,0,0
-1,0.000000000007404671,0.0000062788317,0.000007665965,0.2187786,569.86084,371.06174,0,0
-1,0.000000000007377595,0.000006307559,0.000007657088,0.22035412,568.5646,372.56592,0,0
-1,0.000000000007390316,0.0000063014427,0.000007669562,0.2242152,567.1052,375.18018,0,0
-1,0.00000000000744924,0.0000063091447,0.0000076451915,0.22291446,567.84784,372.81592,0,0
-1,0.000000000007398837,0.0000063130356,0.000007664508,0.22464265,566.8396,376.80972,0,0
-1,0.000000000007400341,0.0000063056495,0.000007715854,0.21789403,567.3263,371.45523,0,0
-1,0.0000000000074555535,0.00000630664,0.000007705227,0.2160325,572.8339,366.62845,0,0
-1,0.000000000007366063,0.0000063334624,0.000007681185,0.21835673,567.8607,369.54843,0,0
-1,0.000000000007475476,0.0000062920008,0.000007681988,0.21981187,568.61,370.55045,0,0
-1,0.000000000007400514,0.000006328734,0.000007685809,0.22287081,565.61285,374.00586,0,0
-1,0.00000000000744918,0.0000063097327,0.000007660463,0.22453149,568.3398,371.23657,0,0
-1,0.000000000007439903,0.000006317306,0.000007646938,0.22457354,566.82184,372.6795,0,0
-1,0.000000000007459254,0.0000063184234,0.00000771401,0.21554044,572.376,363.89078,0,0
-1,0.000000000007406337,0.000006310287,0.000007678036,0.21798636,567.0229,372.4373,0,0
-1,0.000000000007465823,0.0000063013895,0.000007673567,0.2201752,569.95465,370.56442,0,0
-1,0.00000000000745308,0.000006315228,0.000007697939,0.2155384,572.8294,366.441,0,0
-1,0.000000000007399889,0.000006290038,0.000007705194,0.21630023,568.8482,371.91214,0,0
-1,0.000000000007417191,0.0000063225652,0.0000076858905,0.21908772,570.03436,370.44666,0,0
-1,0.000000000007464459,0.0000063104076,0.000007720453,0.21345542,572.17847,364.26004,0,0
-1,0.000000000007361286,0.0000062767176,0.000007628864,0.22199228,566.10535,372.63443,0,0
-1,0.000000000007405035,0.0000062788936,0.000007665839,0.2188041,569.8492,371.0534,0,0
-1,0.000000000007454936,0.0000063430043,0.000007681305,0.21530363,571.5203,367.73358,0,0
-1,0.000000000007354646,0.0000062764443,0.00000765473,0.21946542,570.9491,371.90808,0,0
-1,0.000000000007361803,0.0000062919557,0.00000763358,0.22184111,569.60583,373.03918,0,0
-1,0.0000000000074519176,0.000006317004,0.000007706323,0.21523899,573.78345,366.31158,0,0
-1,0.000000000007368827,0.000006276753,0.00000762559,0.22265103,569.63794,370.1762,0,0
-1,0.00000000000740067,0.0000063057814,0.000007716026,0.21788722,567.3485,371.41824,0,0
-1,0.0000000000074165205,0.0000063122993,0.000007713376,0.21848479,565.10046,370.27863,0,0
-1,0.000000000007377315,0.0000063018374,0.000007626991,0.22111112,570.17065,371.91122,0,0
-1,0.000000000007421742,0.000006313455,0.000007668866,0.21853867,570.9642,368.8837,0,0
-1,0.000000000006233069,0.0000069811754,0.0000074749087,0.40328217,266.27927,316.6106,0,0
-1,0.000000000007457025,0.0000063214156,0.000007654015,0.22490337,567.53107,370.88153,0,0
-1,0.000000000007375175,0.0000063168286,0.0000076223773,0.22336824,567.5739,374.30273,0,0
-1,0.00000000000741664,0.000006312388,0.00000771337,0.21847421,565.08624,370.24472,0,0
-1,0.000000000004857962,0.0000063038015,0.0000041227086,0.51752543,416.04782,737.4724,0,0
-1,0.000000000007403269,0.000006296646,0.0000076769165,0.21748132,568.5988,370.46393,0,0
-1,0.000000000007389878,0.000006309673,0.000007665404,0.22419806,568.01794,374.87598,0,0
-1,0.000000000007389222,0.0000062952527,0.000007657579,0.22506796,566.2483,374.21512,0,0
-1,0.0000000000073540575,0.0000062807335,0.000007629527,0.22217058,568.5772,372.87637,0,0
-1,0.000000000007465631,0.0000062976173,0.000007673371,0.22019055,569.2172,370.60315,0,0
-1,0.000000000007464442,0.000006347934,0.000007714401,0.21621202,573.0256,366.4086,0,0
-1,0.000000000007367871,0.000006292118,0.000007649725,0.22106948,568.7056,371.55472,0,0
-1,0.000000000007465428,0.000006313072,0.000007709815,0.21371715,573.4456,363.71243,0,0
-1,0.000000000007419056,0.00000628922,0.000007668628,0.21916938,567.55927,371.81937,0,0
-1,0.00000000000744784,0.0000063113207,0.000007636151,0.22374652,568.3411,373.22736,0,0
-1,0.000000000007466643,0.0000063196358,0.000007709832,0.21426427,572.75287,364.01883,0,0
-1,0.0000000000074151536,0.000006308429,0.0000077596205,0.21416345,566.0204,370.92587,0,0
-1,0.000000000006970528,0.0000012342349,0.000006432342,0.64235616,309.17422,273.61047,0,0
-1,0.0000000000074492305,0.000006309084,0.000007645091,0.22290903,567.8296,372.8109,0,0
-1,0.000000000007384203,0.000006301137,0.000007655725,0.21992962,568.3117,372.73956,0,0
-1,0.000000000007397333,0.0000063138546,0.000007708671,0.21765351,567.80383,370.43683,0,0
-1,0.000000000007417526,0.0000062934882,0.000007760446,0.21379706,568.19714,370.96136,0,0
-1,0.000000000007389815,0.0000063097714,0.000007665271,0.22422528,568.0017,374.8947,0,0
-1,0.000000000007361541,0.0000062919116,0.000007628015,0.22241412,569.58545,372.48438,0,0
-1,0.00000000000736196,0.0000062920712,0.000007633419,0.22187473,569.6034,373.053,0,0
-1,0.0000000000074118125,0.000006303053,0.000007658238,0.21565978,563.605,372.3203,0,0
-1,0.000000000007418736,0.0000063167417,0.000007688693,0.22062698,569.13525,372.7868,0,0
-1,0.000000000007404973,0.000006278872,0.000007665737,0.21881554,569.844,371.06085,0,0
-1,0.000000000007418086,0.000006310734,0.000007697535,0.2212524,567.931,373.9298,0,0
-1,0.000000000007390063,0.0000063117245,0.0000076591905,0.2208997,567.1345,374.81516,0,0
-1,0.000000000007452367,0.000006317059,0.000007706416,0.21525384,573.7696,366.31708,0,0
-1,0.0000000000074138005,0.000006326729,0.000007681163,0.21942128,567.24866,370.94803,0,0
-1,0.0000000000074285396,0.0000063133916,0.000007687736,0.2211903,567.0661,371.9414,0,0
-1,0.000000000007395368,0.00000630777,0.000007698076,0.21406488,566.50214,371.71625,0,0
-1,0.0000000000073810125,0.0000063334073,0.0000076708175,0.21779907,570.165,368.48697,0,0
-1,0.0000000000074655065,0.0000063130906,0.000007709921,0.21372023,573.45935,363.7047,0,0
-1,0.000000000007396754,0.000006303798,0.00000771626,0.21701062,568.1275,370.13785,0,0
-1,0.000000000007360292,0.000006287814,0.000007633495,0.22238621,569.4485,373.02872,0,0
-1,0.0000000000074173515,0.000006293525,0.000007760298,0.21379647,568.2016,370.9556,0,0
-1,0.000000000007386362,0.0000063120833,0.000007704502,0.21521144,566.7251,372.78284,0,0
-1,0.000000000007369007,0.000006277038,0.0000076258702,0.2226557,569.62616,370.1859,0,0
-1,0.000000000007403412,0.00000629246,0.000007678562,0.21785189,568.6082,369.413,0,0
-1,0.000000000007400189,0.0000062963345,0.000007709915,0.21767294,568.1465,370.00275,0,0
-1,0.0000000000074616485,0.0000063025045,0.000007659467,0.22109404,566.2371,370.75458,0,0
-1,0.0000000000073573985,0.000006279843,0.000007625779,0.22182786,567.393,373.25674,0,0
-1,0.000000000007423538,0.000006314916,0.0000076858505,0.2185749,570.0371,370.14124,0,0
-1,0.000000000007428479,0.000006276382,0.000007751472,0.21455038,569.6784,368.7514,0,0
-1,0.000000000007381406,0.0000062989475,0.0000076791985,0.21986552,568.474,371.45694,0,0
-1,0.000000000007369994,0.0000063034254,0.000007637533,0.22165619,568.731,372.9968,0,0
-1,0.000000000007357251,0.0000062799086,0.000007625449,0.2218566,567.391,373.26352,0,0
-1,0.000000000007356962,0.0000062797703,0.0000076253696,0.2218594,567.3795,373.30957,0,0
-1,0.000000000007418233,0.000006310759,0.000007705303,0.22099262,565.9996,372.20938,0,0
-1,0.0000000000073863225,0.000006312087,0.000007704345,0.21520194,566.72894,372.77295,0,0
-1,0.000000000007396754,0.000006323258,0.000007683833,0.22247075,567.1709,375.2689,0,0
-1,0.000000000005334099,0.0000062468976,0.0000011839386,0.20214942,411.4857,293.84244,0,0
-1,0.000000000007407675,0.000006305584,0.000007715816,0.21787554,567.374,370.29175,0,0
-1,0.0000000000074192805,0.0000063146085,0.000007709612,0.21169047,567.2249,369.7934,0,0
-1,0.000000000007400308,0.0000063055136,0.000007715757,0.21790609,567.34326,371.43698,0,0
-1,0.0000000000073571834,0.0000062822764,0.000007618392,0.22244252,568.20807,372.67108,0,0
-1,0.000000000007374631,0.0000063192606,0.000007709854,0.21503286,566.6607,370.11005,0,0
-1,0.0000000000073841905,0.0000063118,0.000007646811,0.2237529,568.25903,374.4342,0,0
-1,0.000000000007467658,0.0000063299976,0.000007673066,0.21539235,572.57837,363.2391,0,0
-1,0.000000000007370263,0.000006303388,0.000007637715,0.22165026,568.7272,373.00388,0,0
-1,0.000000000007406199,0.000006310148,0.000007677794,0.2179974,567.0149,372.451,0,0
-1,0.000000000007457837,0.000006292014,0.000007634133,0.22223671,567.7917,371.38892,0,0
-1,0.000000000007368664,0.000006276735,0.0000076258207,0.22266407,569.6202,370.1912,0,0
-1,0.000000000007400747,0.0000063056186,0.000007715966,0.21789719,567.35016,371.39395,0,0
-1,0.000000000007456677,0.0000063279535,0.0000076522865,0.22345981,570.78735,373.52036,0,0
-1,0.00000000000741783,0.0000063105695,0.000007697747,0.22083485,567.14557,373.65692,0,0
-1,0.00000000000746552,0.0000063131565,0.000007709926,0.21372275,573.4516,363.71436,0,0
-1,0.000000000007404879,0.000006278892,0.000007665936,0.21879862,569.84015,371.0554,0,0
-1,0.00000000000738966,0.0000063208713,0.000007683399,0.2224683,568.39703,373.86877,0,0
-1,0.000000000007403462,0.00000629669,0.000007676721,0.21750939,568.61774,370.46237,0,0
-1,0.000000000007398841,0.0000063231328,0.00000768173,0.22246136,567.9663,373.83234,0,0
-1,0.000000000007435788,0.0000063326743,0.0000076544375,0.22441535,567.0596,371.45496,0,0
-1,0.000000000007387003,0.000006327207,0.000007721435,0.2172288,566.76373,370.80594,0,0
-1,0.000000000007389156,0.0000063141288,0.000007703662,0.21811682,567.1832,370.2887,0,0
-1,0.000000000007394941,0.0000063026077,0.000007719817,0.21755481,567.46173,371.72336,0,0
-1,0.000000000007454986,0.000006334973,0.000007705804,0.21700417,571.5669,366.8402,0,0
-1,0.000000000007423933,0.0000063017537,0.000007710082,0.21788716,566.8586,369.0186,0,0
-1,0.0000000000073618256,0.000006292243,0.000007633715,0.22186983,569.5667,373.09036,0,0
-1,0.0000000000073913965,0.00000631556,0.000007707218,0.22121161,561.73706,369.28708,0,0
-1,0.000000000007400913,0.0000063072816,0.00000771481,0.21789749,567.4831,370.8326,0,0
-1,0.000000000007398794,0.0000063132616,0.000007664601,0.22464605,566.8351,376.8105,0,0
-1,0.0000000000074648525,0.0000063481166,0.000007714477,0.2161971,573.0356,366.38055,0,0
-1,0.000000000007418588,0.000006316688,0.000007688656,0.2206566,569.12915,372.81998,0,0
-1,0.000000000007361713,0.00000629207,0.0000076281563,0.22238211,569.60504,372.45486,0,0
-1,0.000000000007455132,0.000006343234,0.00000768161,0.21528834,571.51874,367.73654,0,0
-1,0.000000000007450293,0.000006321422,0.000007662989,0.22425778,567.4007,372.6504,0,0
-1,0.000000000007393038,0.0000063168222,0.000007682282,0.22252566,566.91034,374.38596,0,0
-1,0.000000000007452097,0.000006320126,0.000007709393,0.21490236,573.7706,366.29462,0,0
-1,0.00000000000736166,0.0000062920512,0.0000076425595,0.22182544,569.6066,371.5067,0,0
-1,0.0000000000073935415,0.00000629395,0.000007661854,0.22172862,568.38257,371.91467,0,0
-1,0.000000000007382754,0.000006294441,0.000007655488,0.21965997,569.0978,371.74463,0,0
-1,0.0000000000074110666,0.0000063254874,0.000007682857,0.22257341,568.51965,371.14935,0,0
-1,0.000000000007411452,0.000006340458,0.000007659514,0.22152355,567.4001,366.19064,0,0
-1,0.000000000007454942,0.0000063431557,0.000007681356,0.21529973,571.5046,367.74033,0,0
