0.50498,0.5,0
0.66722,0.5,5
0.66534,0.5,10
0.66513,0.5,15
0.66491,0.5,20
0.66451,0.5,25
0.664,0.5,30
0.66343,0.5,35
0.66281,0.5,40
0.66234,0.5,45
0.66191,0.5,50
0.66151,0.5,55
0.66116,0.5,60
0.66081,0.5,65
0.66054,0.5,70
0.66027,0.5,75
0.66007,0.5,80
0.65984,0.5,85
0.65973,0.5,90
0.6596,0.5,95
0.65949,0.5,100
0.65937,0.5,105
0.65924,0.5,110
0.65924,0.5,115
0.65908,0.5,120
0.65905,0.5,125
0.65906,0.5,130
0.65894,0.5,135
0.65897,0.5,140
0.65884,0.5,145
0.65888,0.5,150
0.65884,0.5,155
0.65883,0.5,160
0.65878,0.5,165
0.65884,0.5,170
0.65878,0.5,175
0.65875,0.5,180
0.65882,0.5,185
0.65878,0.5,190
0.65877,0.5,195
0.65879,0.5,200
0.65876,0.5,205
0.65881,0.5,210
0.65881,0.5,215
0.65886,0.5,220
0.65884,0.5,225
0.65889,0.5,230
0.65889,0.5,235
0.65894,0.5,240
0.659,0.5,245
0.65901,0.5,250
0.65908,0.5,255
0.65913,0.5,260
0.65908,0.5,265
0.65913,0.5,270
0.65918,0.5,275
0.65921,0.5,280
0.65924,0.5,285
0.65926,0.5,290
0.65934,0.5,295
0.65932,0.5,300
0.65936,0.5,305
0.65938,0.5,310
0.65941,0.5,315
0.65949,0.5,320
0.65952,0.5,325
0.65961,0.5,330
0.65957,0.5,335
0.65968,0.5,340
0.65968,0.5,345
0.65977,0.5,350
0.65979,0.5,355
0.6598,0.5,360
0.65992,0.5,365
0.65994,0.5,370
0.65997,0.5,375
0.66002,0.5,380
0.66009,0.5,385
0.66014,0.5,390
0.66024,0.5,395
0.66026,0.5,400
0.66036,0.5,405
0.6604,0.5,410
0.66049,0.5,415
0.66058,0.5,420
0.66058,0.5,425
0.66066,0.5,430
0.66071,0.5,435
0.66077,0.5,440
0.66083,0.5,445
0.66094,0.5,450
0.66093,0.5,455
0.66096,0.5,460
0.66099,0.5,465
0.66114,0.5,470
0.6611,0.5,475
0.66123,0.5,480
0.66128,0.5,485
0.66136,0.5,490
0.66144,0.5,495
0.66146,0.5,500
0.66154,0.5,505
0.66157,0.5,510
0.66166,0.5,515
0.66172,0.5,520
0.66179,0.5,525
0.66184,0.5,530
0.66186,0.5,535
0.66198,0.5,540
0.66197,0.5,545
0.66211,0.5,550
0.66224,0.5,555
0.66228,0.5,560
0.66237,0.5,565
0.66247,0.5,570
0.66245,0.5,575
0.66254,0.5,580
0.66257,0.5,585
0.66267,0.5,590
0.6627,0.5,595
0.66281,0.5,600
0.66291,0.5,605
0.66296,0.5,610
0.66305,0.5,615
0.66305,0.5,620
0.66314,0.5,625
0.66316,0.5,630
0.66331,0.5,635
0.66339,0.5,640
0.66337,0.5,645
0.66353,0.5,650
0.66352,0.5,655
0.66359,0.5,660
0.6637,0.5,665
0.66372,0.5,670
0.6638,0.5,675
0.66386,0.5,680
0.66394,0.5,685
0.66406,0.5,690
0.66416,0.5,695
0.66416,0.5,700
0.66429,0.5,705
0.66431,0.5,710
0.66438,0.5,715
0.66447,0.5,720
0.66446,0.5,725
0.66463,0.5,730
0.66466,0.5,735
0.66472,0.5,740
0.66478,0.5,745
0.66489,0.5,750
0.66494,0.5,755
0.66498,0.5,760
0.66508,0.5,765
0.66513,0.5,770
0.66527,0.5,775
0.66531,0.5,780
0.6654,0.5,785
0.66548,0.5,790
0.66552,0.5,795
0.66564,0.5,800
0.66567,0.5,805
0.6658,0.5,810
0.66586,0.5,815
0.66597,0.5,820
0.66603,0.5,825
0.66602,0.5,830
0.66615,0.5,835
0.66623,0.5,840
0.66626,0.5,845
0.66635,0.5,850
0.66647,0.5,855
0.66649,0.5,860
0.66652,0.5,865
0.66664,0.5,870
0.66671,0.5,875
0.66681,0.5,880
0.66685,0.5,885
0.66698,0.5,890
0.66701,0.5,895
0.66712,0.5,900
0.66717,0.5,905
0.66726,0.5,910
0.66736,0.5,915
0.6675,0.5,920
0.6675,0.5,925
0.66758,0.5,930
0.66767,0.5,935
0.6677,0.5,940
0.66777,0.5,945
0.66785,0.5,950
0.66799,0.5,955
0.66805,0.5,960
0.66811,0.5,965
0.66819,0.5,970
0.6683,0.5,975
0.66835,0.5,980
0.66838,0.5,985
0.6685,0.5,990
0.66856,0.5,995
0.66861,0.5,1000
0.66865,0.5,1005
0.66879,0.5,1010
0.66887,0.5,1015
0.66892,0.5,1020
0.66901,0.5,1025
0.66908,0.5,1030
0.66916,0.5,1035
0.66921,0.5,1040
0.66931,0.5,1045
0.66939,0.5,1050
0.66939,0.5,1055
0.66951,0.5,1060
0.66961,0.5,1065
0.6697,0.5,1070
0.66975,0.5,1075
0.66984,0.5,1080
0.66991,0.5,1085
0.67002,0.5,1090
0.67005,0.5,1095
0.67015,0.5,1100
0.67029,0.5,1105
0.6703,0.5,1110
0.67043,0.5,1115
0.67047,0.5,1120
0.67052,0.5,1125
0.67059,0.5,1130
0.67075,0.5,1135
0.67083,0.5,1140
0.67088,0.5,1145
0.67095,0.5,1150
0.671,0.5,1155
0.67112,0.5,1160
0.67119,0.5,1165
0.67125,0.5,1170
0.67133,0.5,1175
0.67143,0.5,1180
0.6715,0.5,1185
0.67152,0.5,1190
0.67159,0.5,1195
0.67169,0.5,1200
0.67178,0.5,1205
0.67186,0.5,1210
0.67192,0.5,1215
0.67202,0.5,1220
0.67215,0.5,1225
0.67218,0.5,1230
0.67229,0.5,1235
0.67235,0.5,1240
0.67238,0.5,1245
0.67251,0.5,1250
0.67254,0.5,1255
0.67265,0.5,1260
0.67269,0.5,1265
0.67282,0.5,1270
0.67285,0.5,1275
0.67293,0.5,1280
0.67304,0.5,1285
0.67316,0.5,1290
0.67323,0.5,1295
0.67325,0.5,1300
0.67334,0.5,1305
0.67352,0.5,1310
0.67363,0.5,1315
0.6737,0.5,1320
0.67377,0.5,1325
0.67383,0.5,1330
0.67391,0.5,1335
0.674,0.5,1340
0.67409,0.5,1345
0.67421,0.5,1350
0.67428,0.5,1355
0.67445,0.5,1360
0.67452,0.5,1365
0.67458,0.5,1370
0.67463,0.5,1375
0.67473,0.5,1380
0.67484,0.5,1385
0.67494,0.5,1390
0.675,0.5,1395
0.67511,0.5,1400
0.67518,0.5,1405
0.67526,0.5,1410
0.67534,0.5,1415
0.67534,0.5,1420
0.67551,0.5,1425
0.67553,0.5,1430
0.67566,0.5,1435
0.67567,0.5,1440
0.67581,0.5,1445
0.67586,0.5,1450
0.6759,0.5,1455
0.67598,0.5,1460
0.676,0.5,1465
0.67618,0.5,1470
0.67629,0.5,1475
0.67632,0.5,1480
0.67645,0.5,1485
0.67647,0.5,1490
0.67653,0.5,1495
0.6767,0.5,1500
0.67678,0.5,1505
0.67682,0.5,1510
0.67698,0.5,1515
0.67704,0.5,1520
0.67709,0.5,1525
0.67721,0.5,1530
0.67726,0.5,1535
0.67731,0.5,1540
0.67742,0.5,1545
0.67748,0.5,1550
0.67755,0.5,1555
0.67762,0.5,1560
0.6778,0.5,1565
0.67786,0.5,1570
0.67788,0.5,1575
0.67802,0.5,1580
0.67807,0.5,1585
0.67809,0.5,1590
0.6782,0.5,1595
0.67828,0.5,1600
0.67831,0.5,1605
0.67845,0.5,1610
0.67847,0.5,1615
0.67861,0.5,1620
0.67866,0.5,1625
0.67883,0.5,1630
0.67887,0.5,1635
0.67898,0.5,1640
0.67905,0.5,1645
0.67908,0.5,1650
0.67921,0.5,1655
0.67931,0.5,1660
0.67932,0.5,1665
0.67939,0.5,1670
0.67945,0.5,1675
0.67955,0.5,1680
0.67961,0.5,1685
0.67969,0.5,1690
0.67981,0.5,1695
0.6799,0.5,1700
0.67999,0.5,1705
0.68011,0.5,1710
0.68019,0.5,1715
0.68027,0.5,1720
0.68034,0.5,1725
0.68043,0.5,1730
0.68052,0.5,1735
0.68061,0.5,1740
0.68068,0.5,1745
0.68074,0.5,1750
0.68081,0.5,1755
0.68091,0.5,1760
0.68101,0.5,1765
0.68107,0.5,1770
0.68118,0.5,1775
0.68129,0.5,1780
0.68132,0.5,1785
0.68144,0.5,1790
0.68146,0.5,1795
0.68158,0.5,1800
0.68167,0.5,1805
0.68176,0.5,1810
0.68182,0.5,1815
0.68191,0.5,1820
0.68194,0.5,1825
0.68206,0.5,1830
0.68212,0.5,1835
0.6822,0.5,1840
0.68235,0.5,1845
0.68249,0.5,1851
0.68256,0.5,1856
0.68263,0.5,1861
0.68272,0.5,1866
0.68281,0.5,1871
0.6829,0.5,1876
0.68298,0.5,1881
0.68305,0.5,1886
0.68313,0.5,1891
0.68322,0.5,1896
0.68331,0.5,1901
0.68337,0.5,1906
0.68343,0.5,1911
0.68347,0.5,1916
0.68358,0.5,1921
0.6837,0.5,1926
0.68378,0.5,1931
0.68384,0.5,1936
0.68396,0.5,1941
0.68404,0.5,1946
0.6841,0.5,1951
0.68417,0.5,1956
0.68427,0.5,1961
0.68429,0.5,1966
0.68442,0.5,1971
0.68446,0.5,1976
0.68457,0.5,1981
0.68466,0.5,1986
0.68478,0.5,1991
0.68485,0.5,1996
0.68497,0.5,2001
0.68504,0.5,2006
0.68515,0.5,2011
0.68523,0.5,2016
0.68529,0.5,2021
0.6854,0.5,2026
0.68553,0.5,2031
0.68559,0.5,2036
0.68568,0.5,2041
0.68574,0.5,2046
0.68584,0.5,2051
0.68592,0.5,2056
0.686,0.5,2061
0.68607,0.5,2066
0.68615,0.5,2071
0.68624,0.5,2076
0.68634,0.5,2081
0.6864,0.5,2086
0.68651,0.5,2091
0.68657,0.5,2096
0.68665,0.5,2101
0.68674,0.5,2106
0.68684,0.5,2111
0.68695,0.5,2116
0.687,0.5,2121
0.68706,0.5,2126
0.68719,0.5,2131
0.68726,0.5,2136
0.68726,0.5,2141
0.68736,0.5,2146
0.68747,0.5,2151
0.68753,0.5,2156
0.68765,0.5,2161
0.68767,0.5,2166
0.68781,0.5,2171
0.68787,0.5,2176
0.68796,0.5,2181
0.688,0.5,2186
0.68816,0.5,2191
0.6882,0.5,2196
0.68834,0.5,2201
0.6884,0.5,2206
0.68845,0.5,2211
0.68857,0.5,2216
0.68866,0.5,2221
0.68873,0.5,2226
0.6888,0.5,2231
0.68887,0.5,2236
0.68898,0.5,2241
0.6891,0.5,2246
0.6892,0.5,2251
0.68929,0.5,2256
0.68936,0.5,2261
0.68946,0.5,2266
0.68955,0.5,2271
0.68964,0.5,2276
0.68973,0.5,2281
0.68978,0.5,2286
0.6898,0.5,2291
0.68994,0.5,2296
0.69006,0.5,2301
0.69018,0.5,2306
0.69025,0.5,2311
0.69028,0.5,2316
0.69039,0.5,2321
0.69048,0.5,2326
0.69055,0.5,2331
0.69065,0.5,2336
0.69072,0.5,2341
0.69081,0.5,2346
0.69094,0.5,2351
0.69093,0.5,2356
0.69111,0.5,2361
0.69115,0.5,2366
0.69132,0.5,2371
0.69129,0.5,2376
0.69145,0.5,2381
0.69153,0.5,2386
0.69162,0.5,2391
0.69175,0.5,2396
0.69181,0.5,2401
0.69184,0.5,2406
0.69197,0.5,2411
0.69201,0.5,2416
0.69214,0.5,2421
0.69224,0.5,2426
0.69233,0.5,2431
0.6924,0.5,2436
0.69246,0.5,2441
0.69257,0.5,2446
0.69267,0.5,2451
0.69274,0.5,2456
0.6928,0.5,2461
0.69291,0.5,2466
0.693,0.5,2471
0.69309,0.5,2476
0.6931,0.5,2481
0.69322,0.5,2486
0.69334,0.5,2491
0.69343,0.5,2496
0.69345,0.5,2501
0.69355,0.5,2506
0.6937,0.5,2511
0.6938,0.5,2516
0.69384,0.5,2521
0.69396,0.5,2526
0.69404,0.5,2531
0.69417,0.5,2536
0.69421,0.5,2541
0.69435,0.5,2546
0.69438,0.5,2551
0.69452,0.5,2556
0.69455,0.5,2561
0.69466,0.5,2566
0.69475,0.5,2571
0.69481,0.5,2576
0.69493,0.5,2581
0.69505,0.5,2586
0.69515,0.5,2591
0.69522,0.5,2596
0.69537,0.5,2601
0.69546,0.5,2606
0.69553,0.5,2611
0.69563,0.5,2616
0.69573,0.5,2621
0.6958,0.5,2626
0.69586,0.5,2631
0.69598,0.5,2636
0.69609,0.5,2641
0.69618,0.5,2646
0.69625,0.5,2651
0.69631,0.5,2656
0.69635,0.5,2661
0.69643,0.5,2666
0.69659,0.5,2671
0.69671,0.5,2676
0.6968,0.5,2681
0.69686,0.5,2686
0.69698,0.5,2691
0.69708,0.5,2696
0.69714,0.5,2701
0.69727,0.5,2706
0.69738,0.5,2711
0.69744,0.5,2716
0.69757,0.5,2721
0.69762,0.5,2726
0.69774,0.5,2731
0.69781,0.5,2736
0.69793,0.5,2741
0.69796,0.5,2746
0.69801,0.5,2751
0.69817,0.5,2756
0.69823,0.5,2761
0.69837,0.5,2766
0.69845,0.5,2771
0.69852,0.5,2776
0.69863,0.5,2781
0.69882,0.5,2786
0.69884,0.5,2791
0.69888,0.5,2796
0.69901,0.5,2801
0.69911,0.5,2806
0.69921,0.5,2811
0.6993,0.5,2816
0.6994,0.5,2821
0.69952,0.5,2826
0.69958,0.5,2831
0.69966,0.5,2836
0.69974,0.5,2841
0.69984,0.5,2846
0.69993,0.5,2851
0.70002,0.5,2856
0.70014,0.5,2861
0.7002,0.5,2866
0.70028,0.5,2871
0.70039,0.5,2876
0.70052,0.5,2881
0.70063,0.5,2886
0.70071,0.5,2891
0.70087,0.5,2896
0.70089,0.5,2901
0.70097,0.5,2906
0.70108,0.5,2911
0.70117,0.5,2916
0.7013,0.5,2921
0.70137,0.5,2926
0.70147,0.5,2931
0.70157,0.5,2936
0.70162,0.5,2941
0.70174,0.5,2946
0.70183,0.5,2951
0.70195,0.5,2956
0.70207,0.5,2961
0.70218,0.5,2966
0.70226,0.5,2971
0.70238,0.5,2976
0.70242,0.5,2981
0.70257,0.5,2986
0.70267,0.5,2991
0.70277,0.5,2996
0.70281,0.5,3001
0.70292,0.5,3006
0.70302,0.5,3011
0.70312,0.5,3016
0.7032,0.5,3021
0.70334,0.5,3026
0.70348,0.5,3031
0.70357,0.5,3036
0.70361,0.5,3041
0.70368,0.5,3046
0.7038,0.5,3051
0.70395,0.5,3056
0.70401,0.5,3061
0.70403,0.5,3066
0.70418,0.5,3071
0.70427,0.5,3076
0.70437,0.5,3081
0.70445,0.5,3086
0.70455,0.5,3091
0.70471,0.5,3096
0.70477,0.5,3102
0.70489,0.5,3107
0.705,0.5,3112
0.70514,0.5,3117
0.70521,0.5,3122
0.7053,0.5,3127
0.70538,0.5,3132
0.70552,0.5,3137
0.70562,0.5,3142
0.70565,0.5,3147
0.7058,0.5,3152
0.70591,0.5,3157
0.70598,0.5,3162
0.70611,0.5,3167
0.70619,0.5,3172
0.70628,0.5,3177
0.70637,0.5,3182
0.70641,0.5,3187
0.70653,0.5,3192
0.70664,0.5,3197
0.70676,0.5,3202
0.70685,0.5,3207
0.70699,0.5,3212
0.70709,0.5,3217
0.70722,0.5,3222
0.70726,0.5,3227
0.70734,0.5,3232
0.70748,0.5,3237
0.70762,0.5,3242
0.70771,0.5,3247
0.70779,0.5,3252
0.70788,0.5,3257
0.70797,0.5,3262
0.7081,0.5,3267
0.70823,0.5,3272
0.70827,0.5,3277
0.70839,0.5,3282
0.70841,0.5,3287
0.7086,0.5,3292
0.70868,0.5,3297
0.70884,0.5,3302
0.70886,0.5,3307
0.70898,0.5,3312
0.70909,0.5,3317
0.7092,0.5,3322
0.70936,0.5,3327
0.70936,0.5,3332
0.70949,0.5,3337
0.70962,0.5,3342
0.70977,0.5,3347
0.70985,0.5,3352
0.70998,0.5,3357
0.71,0.5,3362
0.71014,0.5,3367
0.71027,0.5,3372
0.71039,0.5,3377
0.71047,0.5,3382
0.71056,0.5,3387
0.71066,0.5,3392
0.71077,0.5,3397
0.71087,0.5,3402
0.71093,0.5,3407
0.71101,0.5,3412
0.71117,0.5,3417
0.71129,0.5,3422
0.71135,0.5,3427
0.71141,0.5,3432
0.71158,0.5,3437
0.71169,0.5,3442
0.71177,0.5,3447
0.71186,0.5,3452
0.71196,0.5,3457
0.71207,0.5,3462
0.71223,0.5,3467
0.71229,0.5,3472
0.71239,0.5,3477
0.71248,0.5,3482
0.71266,0.5,3487
0.71266,0.5,3492
0.7128,0.5,3497
0.71295,0.5,3502
0.71303,0.5,3507
0.71319,0.5,3512
0.71328,0.5,3517
0.71332,0.5,3522
0.71343,0.5,3527
0.71358,0.5,3532
0.71362,0.5,3537
0.71372,0.5,3542
0.71379,0.5,3547
0.71391,0.5,3552
0.71404,0.5,3557
0.71411,0.5,3562
0.71425,0.5,3567
0.71438,0.5,3572
0.71448,0.5,3577
0.71455,0.5,3582
0.71471,0.5,3587
0.71484,0.5,3592
0.715,0.5,3597
0.71501,0.5,3602
0.71507,0.5,3607
0.71527,0.5,3612
0.71537,0.5,3617
0.71544,0.5,3622
0.7156,0.5,3627
0.71566,0.5,3632
0.71573,0.5,3637
0.71592,0.5,3642
0.71597,0.5,3647
0.7161,0.5,3652
0.7162,0.5,3657
0.71634,0.5,3662
0.71644,0.5,3667
0.71658,0.5,3672
0.7166,0.5,3677
0.71679,0.5,3682
0.71686,0.5,3687
0.71696,0.5,3692
0.71706,0.5,3697
0.71716,0.5,3702
0.71728,0.5,3707
0.71742,0.5,3712
0.71754,0.5,3717
0.71757,0.5,3722
0.7177,0.5,3727
0.71781,0.5,3732
0.7179,0.5,3737
0.71801,0.5,3742
0.71813,0.5,3747
0.71827,0.5,3752
0.71832,0.5,3757
0.71842,0.5,3762
0.71858,0.5,3767
0.7187,0.5,3772
0.71885,0.5,3777
0.71896,0.5,3782
0.71901,0.5,3787
0.71911,0.5,3792
0.71924,0.5,3797
0.7194,0.5,3802
0.71944,0.5,3807
0.71957,0.5,3812
0.71973,0.5,3817
0.71983,0.5,3822
0.71994,0.5,3827
0.71999,0.5,3832
0.72012,0.5,3837
0.72029,0.5,3842
0.72031,0.5,3847
0.72052,0.5,3852
0.72061,0.5,3857
0.72074,0.5,3862
0.72092,0.5,3867
0.72089,0.5,3872
0.72105,0.5,3877
0.72117,0.5,3882
0.72128,0.5,3887
0.72143,0.5,3892
0.72159,0.5,3897
0.72171,0.5,3902
0.7218,0.5,3907
0.72194,0.5,3912
0.72205,0.5,3917
0.72212,0.5,3922
0.72222,0.5,3927
0.7223,0.5,3932
0.72243,0.5,3937
0.72254,0.5,3942
0.72266,0.5,3947
0.72277,0.5,3952
0.72288,0.5,3957
0.72301,0.5,3962
0.7231,0.5,3967
0.7232,0.5,3972
0.72334,0.5,3977
0.72348,0.5,3982
0.72357,0.5,3987
0.72371,0.5,3992
0.72385,0.5,3997
0.7239,0.5,4002
0.72407,0.5,4007
0.72417,0.5,4012
0.72432,0.5,4017
0.72443,0.5,4022
0.72456,0.5,4027
0.72465,0.5,4032
0.72483,0.5,4037
0.72485,0.5,4042
0.725,0.5,4047
0.72511,0.5,4052
0.72521,0.5,4057
0.72536,0.5,4062
0.72549,0.5,4067
0.72558,0.5,4072
0.72568,0.5,4077
0.72585,0.5,4082
0.72599,0.5,4087
0.72612,0.5,4092
0.72619,0.5,4097
0.72628,0.5,4102
0.72638,0.5,4107
0.72649,0.5,4112
0.7266,0.5,4117
0.72671,0.5,4122
0.72684,0.5,4127
0.72701,0.5,4132
0.72716,0.5,4137
0.72728,0.5,4142
0.72739,0.5,4147
0.72743,0.5,4152
0.72753,0.5,4157
0.72772,0.5,4162
0.72778,0.5,4167
0.72789,0.5,4172
0.72808,0.5,4177
0.72822,0.5,4182
0.72825,0.5,4187
0.72843,0.5,4192
0.72855,0.5,4197
0.72867,0.5,4202
0.72883,0.5,4207
0.72895,0.5,4212
0.72903,0.5,4217
0.72921,0.5,4222
0.72927,0.5,4227
0.72937,0.5,4232
0.72946,0.5,4237
0.72963,0.5,4242
0.72976,0.5,4247
0.72983,0.5,4252
0.72996,0.5,4257
0.73012,0.5,4262
0.73025,0.5,4267
0.73039,0.5,4272
0.73048,0.5,4277
0.73065,0.5,4282
0.73073,0.5,4287
0.73087,0.5,4292
0.73099,0.5,4297
0.73113,0.5,4302
0.73118,0.5,4307
0.73132,0.5,4312
0.73148,0.5,4317
0.73163,0.5,4323
0.73175,0.5,4328
0.73191,0.5,4333
0.73199,0.5,4338
0.73206,0.5,4343
0.73223,0.5,4348
0.73236,0.5,4353
0.73246,0.5,4358
0.73264,0.5,4363
0.73276,0.5,4368
0.73288,0.5,4373
0.73302,0.5,4378
0.73306,0.5,4383
0.73322,0.5,4388
0.73335,0.5,4393
0.73354,0.5,4398
0.73364,0.5,4403
0.73377,0.5,4408
0.73396,0.5,4413
0.73404,0.5,4418
0.73414,0.5,4423
0.73427,0.5,4428
0.73439,0.5,4433
0.73454,0.5,4438
0.73466,0.5,4443
0.73468,0.5,4448
0.73484,0.5,4453
0.73504,0.5,4458
0.73519,0.5,4463
0.73532,0.5,4468
0.73546,0.5,4473
0.73556,0.5,4478
0.73565,0.5,4483
0.73582,0.5,4488
0.73597,0.5,4493
0.73611,0.5,4498
0.73615,0.5,4503
0.73627,0.5,4508
0.73643,0.5,4513
0.73661,0.5,4518
0.73677,0.5,4523
0.73689,0.5,4528
0.73696,0.5,4533
0.73711,0.5,4538
0.73728,0.5,4543
0.7374,0.5,4548
0.73759,0.5,4553
0.73769,0.5,4558
0.73785,0.5,4563
0.73795,0.5,4568
0.73804,0.5,4573
0.73822,0.5,4578
0.73834,0.5,4583
0.73849,0.5,4588
0.73854,0.5,4593
0.73871,0.5,4598
0.73887,0.5,4603
0.73899,0.5,4608
0.73912,0.5,4613
0.73922,0.5,4618
0.73936,0.5,4623
0.73956,0.5,4628
0.73969,0.5,4633
0.73974,0.5,4638
0.73991,0.5,4643
0.74008,0.5,4648
0.74027,0.5,4653
0.74037,0.5,4658
0.74045,0.5,4663
0.74065,0.5,4668
0.7408,0.5,4673
0.74095,0.5,4678
0.74111,0.5,4683
0.7412,0.5,4688
0.74129,0.5,4693
0.74144,0.5,4698
0.74162,0.5,4703
0.74177,0.5,4708
0.74189,0.5,4713
0.74206,0.5,4718
0.74219,0.5,4723
0.74221,0.5,4728
0.7424,0.5,4733
0.74258,0.5,4738
0.74269,0.5,4743
0.74282,0.5,4748
0.74294,0.5,4753
0.74312,0.5,4758
0.74325,0.5,4763
0.74344,0.5,4768
0.74349,0.5,4773
0.74369,0.5,4778
0.74382,0.5,4783
0.744,0.5,4788
0.74415,0.5,4793
0.7442,0.5,4798
0.7444,0.5,4803
0.74456,0.5,4808
0.74468,0.5,4813
0.74486,0.5,4818
0.74502,0.5,4823
0.74513,0.5,4828
0.74525,0.5,4833
0.74538,0.5,4838
0.74555,0.5,4843
0.7457,0.5,4848
0.74581,0.5,4853
0.74598,0.5,4858
0.7461,0.5,4863
0.74627,0.5,4868
0.74633,0.5,4873
0.74654,0.5,4878
0.74668,0.5,4883
0.74678,0.5,4888
0.74695,0.5,4893
0.74712,0.5,4898
0.74728,0.5,4903
0.74734,0.5,4908
0.74756,0.5,4913
0.74774,0.5,4918
0.74783,0.5,4923
0.748,0.5,4928
0.74817,0.5,4933
0.74834,0.5,4938
0.74844,0.5,4943
0.74857,0.5,4948
0.7488,0.5,4953
0.7489,0.5,4958
0.74906,0.5,4963
0.74918,0.5,4968
0.74934,0.5,4973
0.74956,0.5,4978
0.74971,0.5,4983
0.74978,0.5,4988
0.75,0.5,4993
0.75014,0.5,4998
0.75029,0.5,5003
0.75042,0.5,5008
0.7506,0.5,5013
0.75081,0.5,5018
0.75096,0.5,5023
0.75108,0.5,5028
0.75117,0.5,5033
0.75133,0.5,5038
0.7515,0.5,5043
0.7517,0.5,5048
0.75179,0.5,5053
0.75201,0.5,5058
0.7522,0.5,5063
0.75225,0.5,5068
0.75244,0.5,5073
0.7526,0.5,5078
0.75266,0.5,5083
0.7529,0.5,5088
0.75308,0.5,5093
0.75314,0.5,5098
0.75333,0.5,5103
0.75352,0.5,5108
0.75369,0.5,5113
0.75386,0.5,5118
0.75407,0.5,5123
0.75413,0.5,5128
0.75442,0.5,5133
0.75451,0.5,5138
0.75474,0.5,5143
0.75478,0.5,5148
0.75498,0.5,5153
0.75517,0.5,5158
0.75529,0.5,5163
0.75545,0.5,5168
0.75565,0.5,5173
0.75582,0.5,5178
0.75592,0.5,5183
0.7561,0.5,5188
0.75625,0.5,5193
0.75648,0.5,5198
0.75661,0.5,5203
0.7568,0.5,5208
0.75696,0.5,5213
0.75713,0.5,5218
0.75731,0.5,5223
0.75741,0.5,5228
0.7576,0.5,5233
0.7578,0.5,5238
0.75786,0.5,5243
0.75806,0.5,5248
0.75825,0.5,5253
0.75829,0.5,5258
0.75853,0.5,5263
0.75874,0.5,5268
0.7589,0.5,5274
0.75912,0.5,5279
0.75927,0.5,5284
0.75944,0.5,5289
0.7596,0.5,5294
0.7598,0.5,5299
0.75998,0.5,5304
0.76009,0.5,5309
0.76024,0.5,5314
0.76046,0.5,5319
0.76061,0.5,5324
0.76078,0.5,5329
0.76093,0.5,5334
0.76115,0.5,5339
0.76129,0.5,5344
0.7614,0.5,5349
0.76162,0.5,5354
0.76181,0.5,5359
0.76193,0.5,5364
0.76212,0.5,5369
0.76232,0.5,5374
0.76247,0.5,5379
0.7627,0.5,5384
0.7629,0.5,5389
0.76301,0.5,5394
0.76329,0.5,5399
0.76344,0.5,5404
0.76358,0.5,5409
0.76374,0.5,5414
0.76394,0.5,5419
0.76413,0.5,5424
0.76427,0.5,5429
0.76446,0.5,5434
0.76471,0.5,5439
0.76484,0.5,5444
0.765,0.5,5449
0.7652,0.5,5454
0.76536,0.5,5459
0.76557,0.5,5464
0.76579,0.5,5469
0.76589,0.5,5474
0.76611,0.5,5479
0.76637,0.5,5484
0.76653,0.5,5489
0.76664,0.5,5494
0.76686,0.5,5499
0.76709,0.5,5504
0.76722,0.5,5509
0.76741,0.5,5514
0.76771,0.5,5519
0.76775,0.5,5524
0.76802,0.5,5529
0.76827,0.5,5534
0.76834,0.5,5539
0.76864,0.5,5544
0.7688,0.5,5549
0.76893,0.5,5554
0.7692,0.5,5559
0.7694,0.5,5564
0.76948,0.5,5569
0.76976,0.5,5574
0.77004,0.5,5579
0.77013,0.5,5584
0.7703,0.5,5589
0.7705,0.5,5594
0.77058,0.5,5599
0.77085,0.5,5604
0.771,0.5,5609
0.77126,0.5,5614
0.7715,0.5,5619
0.77164,0.5,5624
0.77189,0.5,5629
0.7721,0.5,5634
0.77228,0.5,5639
0.77251,0.5,5644
0.77268,0.5,5649
0.77288,0.5,5654
0.77317,0.5,5659
0.77335,0.5,5664
0.77348,0.5,5669
0.77377,0.5,5674
0.77392,0.5,5679
0.77411,0.5,5684
0.77431,0.5,5689
0.77443,0.5,5694
0.7747,0.5,5699
0.77487,0.5,5704
0.77516,0.5,5709
0.77534,0.5,5714
0.77547,0.5,5719
0.77573,0.5,5724
0.77585,0.5,5729
0.77621,0.5,5734
0.77628,0.5,5739
0.77657,0.5,5744
0.77675,0.5,5749
0.77698,0.5,5754
0.77716,0.5,5759
0.77749,0.5,5764
0.77778,0.5,5769
0.77808,0.5,5774
0.77811,0.5,5779
0.77835,0.5,5784
0.77859,0.5,5789
0.77874,0.5,5794
0.779,0.5,5799
0.77926,0.5,5804
0.7794,0.5,5809
0.77968,0.5,5814
0.77991,0.5,5819
0.78009,0.5,5824
0.7803,0.5,5829
0.78046,0.5,5834
0.78082,0.5,5839
0.78109,0.5,5844
0.78123,0.5,5849
0.78148,0.5,5854
0.78174,0.5,5859
0.78189,0.5,5864
0.7822,0.5,5869
0.78232,0.5,5874
0.78258,0.5,5879
0.78283,0.5,5884
0.78308,0.5,5889
0.7834,0.5,5894
0.78347,0.5,5899
0.78378,0.5,5904
0.78395,0.5,5909
0.78425,0.5,5914
0.78454,0.5,5919
0.78475,0.5,5924
0.78505,0.5,5929
0.78522,0.5,5934
0.78548,0.5,5939
0.7857,0.5,5944
0.78598,0.5,5949
0.78632,0.5,5954
0.78662,0.5,5959
0.7867,0.5,5964
0.78696,0.5,5969
0.78713,0.5,5974
0.78744,0.5,5979
0.78764,0.5,5984
0.78793,0.5,5989
0.78811,0.5,5994
0.78843,0.5,5999
0.78862,0.5,6004
0.78899,0.5,6009
0.78927,0.5,6014
0.78944,0.5,6019
0.78982,0.5,6024
0.79018,0.5,6029
0.79031,0.5,6034
0.79061,0.5,6039
0.79095,0.5,6044
0.79122,0.5,6049
0.79138,0.5,6054
0.79168,0.5,6059
0.79203,0.5,6064
0.79225,0.5,6069
0.79249,0.5,6074
0.79285,0.5,6079
0.79318,0.5,6084
0.79347,0.5,6089
0.79369,0.5,6094
0.79394,0.5,6099
0.7942,0.5,6104
0.79456,0.5,6109
0.79477,0.5,6114
0.79513,0.5,6119
0.79546,0.5,6124
0.79577,0.5,6129
0.796,0.5,6134
0.79632,0.5,6139
0.79662,0.5,6144
0.79694,0.5,6149
0.79719,0.5,6154
0.79742,0.5,6159
0.79767,0.5,6164
0.79796,0.5,6169
0.79833,0.5,6174
0.79852,0.5,6179
0.7988,0.5,6185
0.79915,0.5,6190
0.79926,0.5,6195
0.7997,0.5,6200
0.8001,0.5,6205
0.80027,0.5,6210
0.8007,0.5,6215
0.80089,0.5,6220
0.80128,0.5,6225
0.8015,0.5,6230
0.80185,0.5,6235
0.80231,0.5,6240
0.80268,0.5,6245
0.80288,0.5,6250
0.80328,0.5,6255
0.80354,0.5,6260
0.80384,0.5,6265
0.80414,0.5,6270
0.80455,0.5,6275
0.80487,0.5,6280
0.80526,0.5,6285
0.8055,0.5,6291
0.80582,0.5,6296
0.80617,0.5,6301
0.80657,0.5,6306
0.80684,0.5,6312
0.80743,0.5,6317
0.80761,0.5,6322
0.80823,0.5,6327
0.80847,0.5,6333
0.80886,0.5,6338
0.80932,0.5,6343
0.80979,0.5,6349
0.81007,0.5,6354
0.81043,0.5,6359
0.81088,0.5,6365
0.81106,0.5,6371
0.81149,0.5,6376
0.81206,0.5,6382
0.8123,0.5,6387
0.8129,0.5,6393
0.81321,0.5,6398
0.81359,0.5,6404
0.81399,0.5,6409
0.81442,0.5,6414
0.81488,0.5,6420
0.81537,0.5,6426
0.81575,0.5,6432
0.81626,0.5,6437
0.81684,0.5,6443
0.81723,0.5,6448
0.81781,0.5,6454
0.81824,0.5,6459
0.81854,0.5,6465
0.81904,0.5,6471
0.81945,0.5,6476
0.82013,0.5,6482
0.82053,0.5,6488
0.82091,0.5,6494
0.82133,0.5,6500
0.82194,0.5,6506
0.82244,0.5,6512
0.82306,0.5,6517
0.82373,0.5,6523
0.824,0.5,6529
0.8247,0.5,6535
0.82506,0.5,6541
0.82544,0.5,6547
0.8261,0.5,6552
0.8267,0.5,6558
0.82731,0.5,6564
0.82786,0.5,6570
0.82842,0.5,6576
0.82904,0.5,6582
0.8296,0.5,6588
0.83011,0.5,6594
0.83073,0.5,6600
0.83146,0.5,6606
0.83218,0.5,6612
0.83285,0.5,6618
0.83343,0.5,6624
0.83418,0.5,6630
0.83482,0.5,6636
0.83528,0.5,6642
0.83597,0.5,6648
0.83686,0.5,6654
0.83745,0.5,6660
0.8381,0.5,6666
0.83896,0.5,6672
0.83945,0.5,6678
0.84028,0.5,6685
0.84091,0.5,6691
0.84169,0.5,6697
0.84266,0.5,6703
0.84322,0.5,6709
0.844,0.5,6715
0.84468,0.5,6721
0.84552,0.5,6728
0.84635,0.5,6734
0.84712,0.5,6740
0.84806,0.5,6746
0.84884,0.5,6752
0.84987,0.5,6759
0.85085,0.5,6765
0.85174,0.5,6771
0.85256,0.5,6778
0.85362,0.5,6784
0.85456,0.5,6790
0.85534,0.5,6797
0.85679,0.5,6803
0.8574,0.5,6810
0.85846,0.5,6816
0.85961,0.5,6822
0.86035,0.5,6829
0.86185,0.5,6835
0.86313,0.5,6842
0.86407,0.5,6848
0.86501,0.5,6854
0.86637,0.5,6861
0.86772,0.5,6867
0.86883,0.5,6874
0.87005,0.5,6880
0.87165,0.5,6887
0.87294,0.5,6893
0.87429,0.5,6900
0.87566,0.5,6906
0.87682,0.5,6913
0.87819,0.5,6919
0.88011,0.5,6926
0.88178,0.5,6933
0.88299,0.5,6939
0.88496,0.5,6946
0.88663,0.5,6952
0.88832,0.5,6959
0.88993,0.5,6965
0.89135,0.5,6972
0.89278,0.5,6978
0.89472,0.5,6985
0.89664,0.5,6992
0.89838,0.5,6998
0.9007,0.5,7005
0.66171,-0.5,7011
0.59833,-0.5,7018
0.5891,-0.5,7025
0.58398,-0.5,7032
0.58046,-0.5,7038
0.57796,-0.5,7045
0.57582,-0.5,7051
0.57419,-0.5,7058
0.57273,-0.5,7065
0.57164,-0.5,7071
0.5707,-0.5,7078
0.56989,-0.5,7085
0.56922,-0.5,7091
0.56877,-0.5,7098
0.56822,-0.5,7105
0.56775,-0.5,7112
0.56741,-0.5,7118
0.56702,-0.5,7125
0.56671,-0.5,7132
0.56643,-0.5,7138
0.56615,-0.5,7145
0.56583,-0.5,7152
0.56558,-0.5,7159
0.56528,-0.5,7166
0.56507,-0.5,7173
0.56479,-0.5,7180
0.56453,-0.5,7187
0.56427,-0.5,7194
0.56405,-0.5,7201
0.56378,-0.5,7208
0.56351,-0.5,7215
0.56333,-0.5,7222
0.5631,-0.5,7228
0.56287,-0.5,7235
0.56264,-0.5,7242
0.56246,-0.5,7249
0.56224,-0.5,7256
0.56205,-0.5,7263
0.56178,-0.5,7270
0.56162,-0.5,7277
0.56137,-0.5,7284
0.56117,-0.5,7291
0.56103,-0.5,7298
0.56077,-0.5,7305
0.5606,-0.5,7312
0.56036,-0.5,7319
0.56016,-0.5,7327
0.55993,-0.5,7334
0.55977,-0.5,7341
0.55953,-0.5,7348
0.55933,-0.5,7355
0.55915,-0.5,7362
0.55893,-0.5,7370
0.55874,-0.5,7377
0.55849,-0.5,7384
0.55832,-0.5,7391
0.5581,-0.5,7398
0.55792,-0.5,7405
0.55769,-0.5,7413
0.55751,-0.5,7420
0.55734,-0.5,7427
0.55713,-0.5,7434
0.55693,-0.5,7442
0.55681,-0.5,7449
0.55656,-0.5,7456
0.55639,-0.5,7464
0.55614,-0.5,7471
0.55595,-0.5,7478
0.55574,-0.5,7486
0.55554,-0.5,7493
0.55534,-0.5,7500
0.55518,-0.5,7508
0.55498,-0.5,7515
0.55469,-0.5,7523
0.55452,-0.5,7530
0.55432,-0.5,7537
0.55419,-0.5,7545
0.554,-0.5,7552
0.55381,-0.5,7559
0.55359,-0.5,7566
0.55338,-0.5,7574
0.55315,-0.5,7581
0.55303,-0.5,7588
0.55281,-0.5,7596
0.55266,-0.5,7603
0.55242,-0.5,7610
0.55223,-0.5,7617
0.55201,-0.5,7625
0.55187,-0.5,7632
0.55167,-0.5,7640
0.55143,-0.5,7647
0.55132,-0.5,7654
0.5511,-0.5,7662
0.55093,-0.5,7669
0.55078,-0.5,7676
0.55057,-0.5,7684
0.55035,-0.5,7691
0.55018,-0.5,7699
0.54995,-0.5,7707
0.54975,-0.5,7714
0.54957,-0.5,7722
0.54937,-0.5,7730
0.54916,-0.5,7737
0.54895,-0.5,7745
0.5488,-0.5,7753
0.54856,-0.5,7761
0.54836,-0.5,7769
0.54814,-0.5,7776
0.54797,-0.5,7784
0.5478,-0.5,7792
0.54764,-0.5,7799
0.54741,-0.5,7807
0.54722,-0.5,7815
0.54701,-0.5,7823
0.54677,-0.5,7831
0.54662,-0.5,7839
0.54651,-0.5,7847
0.54624,-0.5,7855
0.54613,-0.5,7862
0.54592,-0.5,7870
0.54567,-0.5,7878
0.54548,-0.5,7886
0.54532,-0.5,7894
0.54509,-0.5,7902
0.54485,-0.5,7909
0.54468,-0.5,7917
0.54451,-0.5,7925
0.54428,-0.5,7933
0.54407,-0.5,7941
0.5439,-0.5,7949
0.54376,-0.5,7957
0.54355,-0.5,7965
0.54335,-0.5,7973
0.54317,-0.5,7981
0.54295,-0.5,7989
0.54271,-0.5,7998
0.54251,-0.5,8006
0.54235,-0.5,8014
0.54216,-0.5,8022
0.54197,-0.5,8030
0.54179,-0.5,8038
0.54159,-0.5,8046
0.54137,-0.5,8054
0.54115,-0.5,8062
0.54099,-0.5,8070
0.54086,-0.5,8078
0.54066,-0.5,8086
0.54041,-0.5,8094
0.54017,-0.5,8103
0.54004,-0.5,8110
0.53983,-0.5,8119
0.53959,-0.5,8127
0.53942,-0.5,8135
0.53924,-0.5,8144
0.5391,-0.5,8152
0.5389,-0.5,8161
0.53864,-0.5,8169
0.53843,-0.5,8177
0.53825,-0.5,8185
0.53803,-0.5,8193
0.53783,-0.5,8202
0.53757,-0.5,8210
0.53739,-0.5,8218
0.53728,-0.5,8227
0.53708,-0.5,8235
0.53686,-0.5,8244
0.53667,-0.5,8253
0.53638,-0.5,8261
0.53625,-0.5,8270
0.53606,-0.5,8278
0.53577,-0.5,8287
0.53558,-0.5,8296
0.53536,-0.5,8304
0.53521,-0.5,8313
0.53501,-0.5,8321
0.53481,-0.5,8330
0.53464,-0.5,8338
0.53441,-0.5,8347
0.53418,-0.5,8355
0.53401,-0.5,8364
0.53385,-0.5,8372
0.53365,-0.5,8381
0.5335,-0.5,8390
0.53323,-0.5,8399
0.53304,-0.5,8407
0.53283,-0.5,8417
0.53263,-0.5,8425
0.53239,-0.5,8434
0.53218,-0.5,8443
0.53195,-0.5,8451
0.5318,-0.5,8460
0.53159,-0.5,8469
0.53138,-0.5,8478
0.53111,-0.5,8487
0.5309,-0.5,8496
0.53073,-0.5,8504
0.53051,-0.5,8513
0.53025,-0.5,8522
0.5301,-0.5,8531
0.52985,-0.5,8539
0.52964,-0.5,8548
0.52946,-0.5,8557
0.52927,-0.5,8566
0.52905,-0.5,8575
0.52877,-0.5,8584
0.52855,-0.5,8593
0.52838,-0.5,8602
0.52812,-0.5,8611
0.52794,-0.5,8620
0.52768,-0.5,8629
0.52746,-0.5,8638
0.5272,-0.5,8647
0.52704,-0.5,8656
0.52676,-0.5,8665
0.52658,-0.5,8674
0.52636,-0.5,8683
0.52611,-0.5,8692
0.5259,-0.5,8701
0.52571,-0.5,8710
0.52549,-0.5,8720
0.52524,-0.5,8729
0.52497,-0.5,8737
0.5248,-0.5,8747
0.52458,-0.5,8756
0.52436,-0.5,8765
0.52416,-0.5,8774
0.52397,-0.5,8783
0.52377,-0.5,8792
0.52346,-0.5,8802
0.52326,-0.5,8811
0.52299,-0.5,8820
0.52283,-0.5,8830
0.52255,-0.5,8839
0.52231,-0.5,8848
0.52217,-0.5,8857
0.52194,-0.5,8867
0.52167,-0.5,8876
0.5215,-0.5,8885
0.52128,-0.5,8895
0.52098,-0.5,8904
0.5208,-0.5,8914
0.52061,-0.5,8923
0.52037,-0.5,8933
0.52017,-0.5,8942
0.51986,-0.5,8951
0.51959,-0.5,8961
0.51931,-0.5,8970
0.51917,-0.5,8980
0.51888,-0.5,8989
0.51871,-0.5,8999
0.51842,-0.5,9008
0.51819,-0.5,9018
0.51797,-0.5,9027
0.51772,-0.5,9037
0.5175,-0.5,9047
0.5172,-0.5,9056
0.517,-0.5,9066
0.51681,-0.5,9075
0.51653,-0.5,9085
0.51627,-0.5,9095
0.51609,-0.5,9104
0.51582,-0.5,9114
0.51554,-0.5,9123
0.51536,-0.5,9133
0.51505,-0.5,9143
0.51484,-0.5,9153
0.51451,-0.5,9162
0.51436,-0.5,9172
0.51414,-0.5,9182
0.51388,-0.5,9192
0.51362,-0.5,9201
0.5134,-0.5,9211
0.51313,-0.5,9220
0.51292,-0.5,9230
0.51264,-0.5,9240
0.51239,-0.5,9250
0.51218,-0.5,9260
0.51192,-0.5,9270
0.51165,-0.5,9279
0.51136,-0.5,9289
0.51114,-0.5,9299
0.51087,-0.5,9309
0.51069,-0.5,9319
0.51031,-0.5,9329
0.5101,-0.5,9339
0.50992,-0.5,9349
0.50957,-0.5,9359
0.5093,-0.5,9369
0.50897,-0.5,9379
0.50872,-0.5,9389
0.50843,-0.5,9399
0.50821,-0.5,9409
0.50793,-0.5,9419
0.50767,-0.5,9429
0.50748,-0.5,9440
0.50716,-0.5,9450
0.50687,-0.5,9460
0.50659,-0.5,9470
0.50637,-0.5,9480
0.50609,-0.5,9491
0.50578,-0.5,9500
0.50555,-0.5,9511
0.50533,-0.5,9521
0.50503,-0.5,9531
0.50478,-0.5,9542
0.5045,-0.5,9552
0.50426,-0.5,9562
0.50392,-0.5,9573
0.50367,-0.5,9583
0.50339,-0.5,9593
0.50317,-0.5,9604
0.50281,-0.5,9614
0.50255,-0.5,9625
0.50219,-0.5,9635
0.50191,-0.5,9646
0.50173,-0.5,9656
0.5014,-0.5,9666
0.5012,-0.5,9677
0.50084,-0.5,9688
0.50052,-0.5,9698
0.50026,-0.5,9709
0.49996,-0.5,9719
0.49963,-0.5,9730
0.49933,-0.5,9741
0.49902,-0.5,9751
0.49874,-0.5,9761
0.49849,-0.5,9771
0.49819,-0.5,9782
0.49785,-0.5,9793
0.49757,-0.5,9803
0.49727,-0.5,9814
0.49698,-0.5,9825
0.49675,-0.5,9835
0.49645,-0.5,9845
0.49619,-0.5,9856
0.49586,-0.5,9867
0.49557,-0.5,9877
0.49528,-0.5,9888
0.49494,-0.5,9899
0.49462,-0.5,9910
0.4943,-0.5,9920
0.49407,-0.5,9931
0.49368,-0.5,9941
0.49338,-0.5,9952
0.49305,-0.5,9963
0.49283,-0.5,9974
0.49251,-0.5,9984
0.49229,-0.5,9995
0.49187,-0.5,10005
0.49162,-0.5,10015
0.4913,-0.5,10026
0.49101,-0.5,10037
0.49069,-0.5,10047
0.49039,-0.5,10058
0.49016,-0.5,10069
0.48979,-0.5,10080
0.48948,-0.5,10091
0.48921,-0.5,10102
0.48887,-0.5,10113
0.48852,-0.5,10124
0.48829,-0.5,10135
0.48801,-0.5,10146
0.48761,-0.5,10158
0.48739,-0.5,10169
0.48704,-0.5,10179
0.48686,-0.5,10190
0.48655,-0.5,10201
0.48623,-0.5,10213
0.48588,-0.5,10224
0.48559,-0.5,10235
0.48526,-0.5,10246
0.48489,-0.5,10257
0.48462,-0.5,10269
0.48416,-0.5,10280
0.48384,-0.5,10291
0.48339,-0.5,10302
0.48312,-0.5,10313
0.48286,-0.5,10325
0.48247,-0.5,10336
0.48203,-0.5,10347
0.48175,-0.5,10359
0.48142,-0.5,10370
0.48098,-0.5,10382
0.48074,-0.5,10393
0.48041,-0.5,10404
0.47995,-0.5,10416
0.47962,-0.5,10427
0.47933,-0.5,10438
0.47888,-0.5,10450
0.47847,-0.5,10461
0.47811,-0.5,10473
0.47776,-0.5,10484
0.47732,-0.5,10496
0.47695,-0.5,10508
0.47661,-0.5,10519
0.47614,-0.5,10531
0.47583,-0.5,10542
0.47538,-0.5,10554
0.47506,-0.5,10566
0.47469,-0.5,10577
0.47425,-0.5,10589
0.47382,-0.5,10601
0.4735,-0.5,10612
0.4731,-0.5,10624
0.47271,-0.5,10636
0.47214,-0.5,10647
0.47184,-0.5,10659
0.47131,-0.5,10672
0.47083,-0.5,10683
0.47044,-0.5,10695
0.47008,-0.5,10707
0.46957,-0.5,10719
0.46909,-0.5,10730
0.46875,-0.5,10741
0.46834,-0.5,10753
0.46785,-0.5,10765
0.46746,-0.5,10777
0.4671,-0.5,10789
0.46661,-0.5,10801
0.46599,-0.5,10813
0.46544,-0.5,10825
0.46489,-0.5,10837
0.46449,-0.5,10849
0.46387,-0.5,10861
0.46352,-0.5,10874
0.46304,-0.5,10886
0.46255,-0.5,10898
0.46203,-0.5,10910
0.46149,-0.5,10923
0.46099,-0.5,10935
0.46058,-0.5,10947
0.45987,-0.5,10960
0.45943,-0.5,10972
0.45887,-0.5,10984
0.45832,-0.5,10997
0.45778,-0.5,11009
0.45714,-0.5,11020
0.45675,-0.5,11033
0.45601,-0.5,11045
0.45543,-0.5,11057
0.45484,-0.5,11070
0.45449,-0.5,11082
0.45392,-0.5,11094
0.45327,-0.5,11106
0.45273,-0.5,11119
0.45219,-0.5,11131
0.45152,-0.5,11143
0.45085,-0.5,11156
0.45032,-0.5,11168
0.44964,-0.5,11181
0.4491,-0.5,11193
0.44851,-0.5,11206
0.4478,-0.5,11218
0.44708,-0.5,11231
0.44634,-0.5,11244
0.44597,-0.5,11257
0.44528,-0.5,11269
0.44471,-0.5,11282
0.44397,-0.5,11294
0.44314,-0.5,11307
0.44246,-0.5,11320
0.4417,-0.5,11332
0.44096,-0.5,11344
0.44018,-0.5,11357
0.43922,-0.5,11370
0.4387,-0.5,11382
0.43769,-0.5,11395
0.43696,-0.5,11408
0.43598,-0.5,11421
0.43512,-0.5,11434
0.43458,-0.5,11446
0.43385,-0.5,11459
0.43287,-0.5,11472
0.43191,-0.5,11484
0.4311,-0.5,11497
0.43038,-0.5,11510
0.42952,-0.5,11522
0.42848,-0.5,11536
0.42757,-0.5,11548
0.42635,-0.5,11561
0.42506,-0.5,11574
0.42403,-0.5,11587
0.42286,-0.5,11600
0.42197,-0.5,11614
0.421,-0.5,11626
0.42007,-0.5,11639
0.41886,-0.5,11653
0.41767,-0.5,11666
0.4167,-0.5,11679
0.41551,-0.5,11692
0.41426,-0.5,11705
0.41307,-0.5,11718
0.41182,-0.5,11731
0.41062,-0.5,11745
0.40925,-0.5,11758
0.40776,-0.5,11771
0.40618,-0.5,11785
0.40487,-0.5,11798
0.40344,-0.5,11811
0.40212,-0.5,11824
0.40063,-0.5,11837
0.39897,-0.5,11850
0.39744,-0.5,11863
0.39592,-0.5,11877
0.39404,-0.5,11890
0.39233,-0.5,11904
0.39064,-0.5,11917
0.38938,-0.5,11931
0.38724,-0.5,11944
0.38567,-0.5,11958
0.38352,-0.5,11971
0.38165,-0.5,11984
0.37948,-0.5,11998
0.37762,-0.5,12011
0.37524,-0.5,12025
0.37309,-0.5,12038
0.37084,-0.5,12052
0.36842,-0.5,12065
0.36596,-0.5,12079
0.36349,-0.5,12092
0.3608,-0.5,12106
0.35833,-0.5,12119
0.35552,-0.5,12133
0.3529,-0.5,12147
0.3504,-0.5,12160
0.34771,-0.5,12174
0.34399,-0.5,12188
0.34135,-0.5,12201
0.33763,-0.5,12215
0.33491,-0.5,12229
0.33095,-0.5,12243
0.32789,-0.5,12256
0.32392,-0.5,12270
0.32033,-0.5,12284
0.31614,-0.5,12297
0.31237,-0.5,12311
0.30879,-0.5,12324
0.30457,-0.5,12338
0.29943,-0.5,12352
0.59692,0.5,12366
0.65673,0.5,12380
0.66577,0.5,12394
0.67118,0.5,12408
0.67417,0.5,12422
0.67619,0.5,12436
0.67774,0.5,12450
0.67859,0.5,12464
0.67882,0.5,12478
0.6788,0.5,12492
0.67874,0.5,12506
0.67865,0.5,12520
0.67856,0.5,12534
0.67857,0.5,12548
0.67859,0.5,12562
0.67868,0.5,12577
0.6787,0.5,12591
0.67876,0.5,12605
0.67883,0.5,12618
0.67898,0.5,12632
0.67908,0.5,12645
0.67912,0.5,12659
0.67927,0.5,12672
0.67938,0.5,12686
0.67948,0.5,12700
0.67959,0.5,12714
0.67971,0.5,12729
0.67986,0.5,12743
0.68006,0.5,12757
0.68019,0.5,12772
0.68031,0.5,12786
0.68049,0.5,12801
0.68067,0.5,12815
0.68088,0.5,12830
0.68114,0.5,12844
0.68125,0.5,12859
0.68138,0.5,12873
0.68157,0.5,12887
0.68182,0.5,12900
0.68195,0.5,12914
0.68216,0.5,12928
0.68239,0.5,12942
0.68259,0.5,12957
0.68277,0.5,12971
0.68303,0.5,12987
0.68328,0.5,13001
0.68347,0.5,13016
0.68371,0.5,13031
0.68391,0.5,13045
0.68407,0.5,13060
0.68431,0.5,13075
0.68458,0.5,13090
0.68474,0.5,13104
0.68494,0.5,13118
0.68516,0.5,13132
0.68542,0.5,13146
0.68566,0.5,13160
0.68581,0.5,13175
0.68609,0.5,13190
0.68635,0.5,13205
0.68653,0.5,13220
0.68682,0.5,13235
0.68697,0.5,13250
0.68723,0.5,13264
0.68743,0.5,13279
0.68766,0.5,13294
0.68788,0.5,13309
0.68808,0.5,13324
0.68833,0.5,13340
0.68857,0.5,13355
0.68889,0.5,13370
0.6891,0.5,13385
0.68941,0.5,13399
0.68961,0.5,13413
0.6898,0.5,13428
0.69008,0.5,13444
0.69024,0.5,13459
0.69052,0.5,13474
0.6908,0.5,13489
0.69107,0.5,13505
0.69136,0.5,13520
0.69165,0.5,13535
0.6919,0.5,13551
0.69214,0.5,13567
0.69244,0.5,13582
0.69262,0.5,13597
0.69284,0.5,13612
0.69317,0.5,13627
0.69341,0.5,13643
0.69362,0.5,13658
0.69392,0.5,13674
0.69426,0.5,13689
0.69448,0.5,13705
0.69476,0.5,13720
0.69497,0.5,13736
0.69524,0.5,13752
0.6955,0.5,13767
0.69577,0.5,13782
0.69605,0.5,13798
0.69634,0.5,13814
0.69661,0.5,13830
0.69692,0.5,13845
0.69719,0.5,13861
0.69749,0.5,13877
0.69779,0.5,13893
0.69804,0.5,13908
0.69835,0.5,13924
0.69862,0.5,13940
0.69885,0.5,13956
0.69917,0.5,13971
0.6994,0.5,13987
0.69968,0.5,14003
0.69999,0.5,14018
0.70032,0.5,14035
0.70057,0.5,14050
0.70083,0.5,14066
0.70113,0.5,14082
0.70144,0.5,14097
0.70178,0.5,14113
0.70206,0.5,14129
0.70232,0.5,14145
0.7026,0.5,14161
0.70288,0.5,14176
0.70321,0.5,14192
0.70353,0.5,14208
0.70375,0.5,14224
0.70409,0.5,14240
0.70443,0.5,14256
0.70471,0.5,14273
0.705,0.5,14289
0.70529,0.5,14304
0.70555,0.5,14320
0.70583,0.5,14336
0.70621,0.5,14352
0.70652,0.5,14368
0.70681,0.5,14384
0.70722,0.5,14400
0.70749,0.5,14416
0.7078,0.5,14433
0.70806,0.5,14449
0.7084,0.5,14466
0.70871,0.5,14482
0.70906,0.5,14498
0.70931,0.5,14514
0.70967,0.5,14529
0.70998,0.5,14546
0.71025,0.5,14562
0.71064,0.5,14579
0.71092,0.5,14596
0.71119,0.5,14612
0.71151,0.5,14629
0.71186,0.5,14644
0.7122,0.5,14659
0.71249,0.5,14675
0.71272,0.5,14692
0.71309,0.5,14708
0.71343,0.5,14724
0.7138,0.5,14741
0.71408,0.5,14757
0.71449,0.5,14774
0.71478,0.5,14791
0.71511,0.5,14807
0.71553,0.5,14824
0.71586,0.5,14841
0.71624,0.5,14858
0.71648,0.5,14875
0.71682,0.5,14891
0.71718,0.5,14908
0.71755,0.5,14925
0.7179,0.5,14942
0.7182,0.5,14958
0.71862,0.5,14976
0.71894,0.5,14993
0.71931,0.5,15009
0.71968,0.5,15026
0.72003,0.5,15043
0.72042,0.5,15060
0.72074,0.5,15077
0.72111,0.5,15093
0.72144,0.5,15110
0.72183,0.5,15127
0.72219,0.5,15145
0.72251,0.5,15162
0.72291,0.5,15178
0.72332,0.5,15194
0.72358,0.5,15210
0.72391,0.5,15226
0.72432,0.5,15242
0.7247,0.5,15258
0.72501,0.5,15275
0.72551,0.5,15292
0.7258,0.5,15309
0.72625,0.5,15326
0.72667,0.5,15344
0.72702,0.5,15361
0.72742,0.5,15378
0.72783,0.5,15395
0.72815,0.5,15412
0.72859,0.5,15429
0.72897,0.5,15447
0.72932,0.5,15464
0.72979,0.5,15481
0.73017,0.5,15498
0.73057,0.5,15516
0.73103,0.5,15534
0.73147,0.5,15551
0.73183,0.5,15569
0.73216,0.5,15586
0.73261,0.5,15604
0.73304,0.5,15622
0.7335,0.5,15640
0.73395,0.5,15657
0.73441,0.5,15675
0.7348,0.5,15692
0.73521,0.5,15710
0.7357,0.5,15728
0.73612,0.5,15746
0.73657,0.5,15763
0.73701,0.5,15781
0.73746,0.5,15798
0.73789,0.5,15816
0.73827,0.5,15834
0.73875,0.5,15852
0.7393,0.5,15870
0.73978,0.5,15888
0.74018,0.5,15906
0.74064,0.5,15923
0.74108,0.5,15941
0.74149,0.5,15958
0.74196,0.5,15977
0.74245,0.5,15995
0.74298,0.5,16013
0.74345,0.5,16031
0.74397,0.5,16049
0.74445,0.5,16066
0.7449,0.5,16085
0.74541,0.5,16103
0.74585,0.5,16121
0.74637,0.5,16139
0.74684,0.5,16158
0.74739,0.5,16176
0.74793,0.5,16194
0.74846,0.5,16212
0.74908,0.5,16230
0.74961,0.5,16248
0.74999,0.5,16266
0.75059,0.5,16284
0.75106,0.5,16303
0.75164,0.5,16321
0.75217,0.5,16339
0.75276,0.5,16358
0.75321,0.5,16376
0.75386,0.5,16394
0.75444,0.5,16412
0.75502,0.5,16431
0.75564,0.5,16449
0.75615,0.5,16468
0.75672,0.5,16486
0.75741,0.5,16504
0.75785,0.5,16523
0.75844,0.5,16542
0.75911,0.5,16560
0.75973,0.5,16579
0.76034,0.5,16598
0.76093,0.5,16616
0.76154,0.5,16635
0.76228,0.5,16653
0.76279,0.5,16672
0.76346,0.5,16691
0.76412,0.5,16710
0.76475,0.5,16728
0.76539,0.5,16747
0.76602,0.5,16766
0.76674,0.5,16785
0.76739,0.5,16804
0.7681,0.5,16823
0.76874,0.5,16841
0.76946,0.5,16860
0.77012,0.5,16879
0.77082,0.5,16898
0.7715,0.5,16917
0.77241,0.5,16936
0.7732,0.5,16955
0.77397,0.5,16974
0.77471,0.5,16993
0.77539,0.5,17012
0.77625,0.5,17031
0.77707,0.5,17050
0.7779,0.5,17069
0.77858,0.5,17088
0.77948,0.5,17107
0.78027,0.5,17126
0.78099,0.5,17145
0.78198,0.5,17164
0.78287,0.5,17184
0.78373,0.5,17203
0.78459,0.5,17222
0.78558,0.5,17241
0.78643,0.5,17260
0.78748,0.5,17280
0.78836,0.5,17299
0.78933,0.5,17318
0.79039,0.5,17337
0.79131,0.5,17357
0.79236,0.5,17376
0.79332,0.5,17395
0.79435,0.5,17415
0.79543,0.5,17434
0.79659,0.5,17454
0.79766,0.5,17473
0.79878,0.5,17492
0.80003,0.5,17512
0.80103,0.5,17532
0.80255,0.5,17551
0.80358,0.5,17570
0.80492,0.5,17589
0.80601,0.5,17608
0.80731,0.5,17627
0.80857,0.5,17647
0.81001,0.5,17666
0.81143,0.5,17685
0.81276,0.5,17705
0.81424,0.5,17724
0.81593,0.5,17745
0.81737,0.5,17764
0.81929,0.5,17784
0.82086,0.5,17804
0.82255,0.5,17824
0.82412,0.5,17843
0.82601,0.5,17863
0.82807,0.5,17883
0.83009,0.5,17903
0.83191,0.5,17922
0.83381,0.5,17942
0.83605,0.5,17962
0.83857,0.5,17982
0.84082,0.5,18002
0.84337,0.5,18021
0.84616,0.5,18041
0.8489,0.5,18062
0.852,0.5,18082
0.85541,0.5,18102
0.85876,0.5,18121
0.86165,0.5,18141
0.86509,0.5,18161
0.86878,0.5,18181
0.87312,0.5,18201
0.87745,0.5,18222
0.88212,0.5,18242
0.88757,0.5,18262
0.89289,0.5,18281
0.899,0.5,18302
0.90566,0.5,18321
0.67339,-0.5,18340
0.6016,-0.5,18359
0.59457,-0.5,18379
0.59053,-0.5,18399
0.58832,-0.5,18419
0.58682,-0.5,18439
0.5857,-0.5,18460
0.58478,-0.5,18481
0.58396,-0.5,18501
0.58319,-0.5,18522
0.58258,-0.5,18542
0.58192,-0.5,18562
0.58134,-0.5,18583
0.58072,-0.5,18604
0.58016,-0.5,18624
0.57955,-0.5,18644
0.57902,-0.5,18665
0.57847,-0.5,18686
0.57789,-0.5,18706
0.57739,-0.5,18727
0.57687,-0.5,18748
0.57624,-0.5,18768
0.57578,-0.5,18789
0.57522,-0.5,18809
0.57474,-0.5,18830
0.57424,-0.5,18850
0.57378,-0.5,18871
0.57322,-0.5,18891
0.57276,-0.5,18912
0.57226,-0.5,18933
0.57174,-0.5,18954
0.57123,-0.5,18974
0.57073,-0.5,18995
0.57025,-0.5,19016
0.56975,-0.5,19037
0.56931,-0.5,19058
0.56874,-0.5,19079
0.56827,-0.5,19100
0.56772,-0.5,19121
0.5673,-0.5,19142
0.56679,-0.5,19163
0.56637,-0.5,19184
0.56591,-0.5,19205
0.56539,-0.5,19226
0.56492,-0.5,19247
0.56444,-0.5,19268
0.56395,-0.5,19289
0.56347,-0.5,19310
0.563,-0.5,19331
0.5625,-0.5,19352
0.56201,-0.5,19373
0.56158,-0.5,19393
0.56104,-0.5,19414
0.56068,-0.5,19436
0.56014,-0.5,19457
0.55962,-0.5,19478
0.55919,-0.5,19499
0.55875,-0.5,19520
0.55823,-0.5,19541
0.55776,-0.5,19563
0.55732,-0.5,19584
0.55679,-0.5,19606
0.55633,-0.5,19628
0.55582,-0.5,19649
0.55535,-0.5,19670
0.55488,-0.5,19692
0.55441,-0.5,19713
0.55386,-0.5,19734
0.55345,-0.5,19756
0.55294,-0.5,19778
0.55252,-0.5,19799
0.55207,-0.5,19821
0.55156,-0.5,19843
0.55098,-0.5,19865
0.55058,-0.5,19886
0.55012,-0.5,19908
0.54963,-0.5,19930
0.54914,-0.5,19952
0.5486,-0.5,19973
0.54819,-0.5,19996
0.5477,-0.5,20018
0.54723,-0.5,20040
0.54665,-0.5,20062
0.54618,-0.5,20083
0.54578,-0.5,20105
0.54521,-0.5,20127
0.54474,-0.5,20149
0.54429,-0.5,20171
0.54384,-0.5,20194
0.54335,-0.5,20216
0.5428,-0.5,20238
0.54226,-0.5,20260
0.54183,-0.5,20282
0.5414,-0.5,20304
0.54088,-0.5,20326
0.54039,-0.5,20348
0.53993,-0.5,20368
0.53948,-0.5,20390
0.53899,-0.5,20413
0.53854,-0.5,20435
0.53798,-0.5,20457
0.53746,-0.5,20480
0.53701,-0.5,20502
0.53651,-0.5,20525
0.53595,-0.5,20547
0.53549,-0.5,20569
0.53501,-0.5,20591
0.53448,-0.5,20614
0.53397,-0.5,20636
0.53344,-0.5,20659
0.53294,-0.5,20681
0.53243,-0.5,20703
0.5319,-0.5,20725
0.53136,-0.5,20748
0.53088,-0.5,20770
0.53032,-0.5,20793
0.52979,-0.5,20815
0.52924,-0.5,20838
0.52882,-0.5,20860
0.52826,-0.5,20883
0.52774,-0.5,20905
0.52718,-0.5,20928
0.5266,-0.5,20951
0.52615,-0.5,20974
0.52566,-0.5,20996
0.52511,-0.5,21019
0.52456,-0.5,21042
0.52397,-0.5,21065
0.52346,-0.5,21087
0.52289,-0.5,21110
0.5223,-0.5,21133
0.52177,-0.5,21155
0.52123,-0.5,21178
0.52065,-0.5,21201
0.5201,-0.5,21224
0.5196,-0.5,21247
0.51895,-0.5,21269
0.51846,-0.5,21291
0.51793,-0.5,21312
0.51734,-0.5,21334
0.51681,-0.5,21356
0.51619,-0.5,21378
0.51569,-0.5,21400
0.51509,-0.5,21423
0.51452,-0.5,21446
0.51398,-0.5,21469
0.51343,-0.5,21492
0.51283,-0.5,21514
0.51226,-0.5,21535
0.51173,-0.5,21558
0.51115,-0.5,21580
0.51053,-0.5,21602
0.50994,-0.5,21624
0.50935,-0.5,21646
0.50869,-0.5,21668
0.50808,-0.5,21690
0.50747,-0.5,21712
0.50694,-0.5,21734
0.50628,-0.5,21756
0.5057,-0.5,21779
0.50514,-0.5,21801
0.50448,-0.5,21824
0.50382,-0.5,21846
0.50308,-0.5,21868
0.50247,-0.5,21891
0.50193,-0.5,21913
0.50122,-0.5,21935
0.50052,-0.5,21958
0.49997,-0.5,21980
0.4993,-0.5,22002
0.49863,-0.5,22024
0.49789,-0.5,22046
0.49721,-0.5,22069
0.4966,-0.5,22091
0.4958,-0.5,22114
0.49516,-0.5,22136
0.49442,-0.5,22159
0.49369,-0.5,22181
0.49296,-0.5,22204
0.49233,-0.5,22226
0.49159,-0.5,22249
0.49086,-0.5,22271
0.49009,-0.5,22294
0.48933,-0.5,22316
0.48854,-0.5,22339
0.48783,-0.5,22361
0.48694,-0.5,22384
0.48619,-0.5,22407
0.48539,-0.5,22430
0.48458,-0.5,22453
0.48376,-0.5,22476
0.48298,-0.5,22499
0.48217,-0.5,22522
0.4813,-0.5,22544
0.48045,-0.5,22568
0.47956,-0.5,22590
0.47873,-0.5,22613
0.47777,-0.5,22636
0.47684,-0.5,22659
0.47597,-0.5,22682
0.47501,-0.5,22705
0.47409,-0.5,22728
0.47322,-0.5,22751
0.47213,-0.5,22774
0.47124,-0.5,22797
0.47023,-0.5,22820
0.46916,-0.5,22843
0.46811,-0.5,22867
0.46722,-0.5,22890
0.46607,-0.5,22913
0.46494,-0.5,22936
0.46373,-0.5,22960
0.46273,-0.5,22983
0.46168,-0.5,23006
0.46042,-0.5,23029
0.45921,-0.5,23053
0.45801,-0.5,23076
0.45672,-0.5,23100
0.45542,-0.5,23124
0.45406,-0.5,23147
0.45274,-0.5,23171
0.45133,-0.5,23195
0.44993,-0.5,23218
0.44857,-0.5,23242
0.44705,-0.5,23266
0.44559,-0.5,23289
0.444,-0.5,23313
0.44212,-0.5,23336
0.44063,-0.5,23360
0.43891,-0.5,23384
0.43726,-0.5,23407
0.43532,-0.5,23431
0.43333,-0.5,23455
0.43154,-0.5,23479
0.42932,-0.5,23503
0.42735,-0.5,23527
0.42486,-0.5,23550
0.42274,-0.5,23574
0.42047,-0.5,23598
0.41798,-0.5,23622
0.41524,-0.5,23646
0.41269,-0.5,23670
0.41014,-0.5,23694
0.40697,-0.5,23717
0.40374,-0.5,23741
0.40034,-0.5,23765
0.39724,-0.5,23789
0.39384,-0.5,23813
0.38998,-0.5,23837
0.38629,-0.5,23861
0.38174,-0.5,23885
0.3777,-0.5,23909
0.37293,-0.5,23934
0.36759,-0.5,23967
0.35984,-0.5,23990
0.35445,-0.5,24013
0.3488,-0.5,24037
0.34224,-0.5,24061
0.33514,-0.5,24085
0.32729,-0.5,24109
0.32035,-0.5,24134
0.31154,-0.5,24158
0.30258,-0.5,24182
0.29254,-0.5,24207
0.59261,0.5,24231
0.65542,0.5,24255
0.66739,0.5,24279
0.66953,0.5,24303
0.67079,0.5,24328
0.67128,0.5,24351
0.67124,0.5,24375
0.67121,0.5,24398
0.67117,0.5,24423
0.67127,0.5,24448
0.6715,0.5,24473
0.67173,0.5,24497
0.672,0.5,24522
0.67227,0.5,24547
0.67256,0.5,24572
0.67285,0.5,24597
0.67318,0.5,24621
0.67353,0.5,24646
0.67389,0.5,24671
0.67428,0.5,24696
0.67466,0.5,24721
0.67494,0.5,24745
0.67537,0.5,24770
0.67579,0.5,24795
0.67615,0.5,24820
0.67665,0.5,24846
0.67705,0.5,24870
0.67738,0.5,24895
0.67781,0.5,24920
0.67826,0.5,24944
0.67863,0.5,24970
0.6791,0.5,24994
0.67952,0.5,25018
0.67994,0.5,25044
0.6804,0.5,25069
0.68079,0.5,25094
0.68134,0.5,25119
0.68173,0.5,25144
0.68215,0.5,25170
0.6827,0.5,25194
0.68312,0.5,25220
0.68356,0.5,25245
0.68407,0.5,25271
0.68448,0.5,25296
0.68494,0.5,25321
0.6854,0.5,25347
0.68589,0.5,25372
0.68634,0.5,25398
0.68683,0.5,25425
0.68737,0.5,25452
0.68791,0.5,25478
0.68833,0.5,25503
0.68877,0.5,25529
0.68927,0.5,25556
0.6898,0.5,25581
0.69028,0.5,25607
0.69082,0.5,25632
0.69134,0.5,25658
0.69175,0.5,25683
0.6923,0.5,25708
0.69275,0.5,25734
0.69332,0.5,25760
0.69376,0.5,25786
0.69426,0.5,25812
0.69484,0.5,25837
0.69524,0.5,25863
0.69582,0.5,25889
0.69629,0.5,25915
0.69682,0.5,25941
0.69729,0.5,25966
0.69783,0.5,25992
0.69838,0.5,26018
0.69892,0.5,26044
0.69943,0.5,26070
0.70003,0.5,26096
0.70049,0.5,26122
0.70102,0.5,26149
0.70156,0.5,26177
0.70214,0.5,26204
0.70278,0.5,26231
0.70332,0.5,26256
0.70381,0.5,26282
0.7043,0.5,26308
0.70486,0.5,26333
0.70536,0.5,26359
0.70587,0.5,26385
0.70648,0.5,26410
0.70694,0.5,26436
0.70746,0.5,26462
0.70804,0.5,26487
0.70862,0.5,26513
0.70912,0.5,26540
0.70972,0.5,26566
0.71028,0.5,26592
0.71089,0.5,26618
0.71144,0.5,26644
0.71202,0.5,26671
0.71261,0.5,26697
0.7132,0.5,26723
0.71381,0.5,26749
0.71442,0.5,26775
0.71501,0.5,26801
0.71557,0.5,26827
0.71617,0.5,26853
0.71668,0.5,26879
0.7173,0.5,26905
0.71787,0.5,26931
0.71847,0.5,26958
0.71907,0.5,26984
0.71967,0.5,27010
0.72025,0.5,27036
0.72097,0.5,27063
0.72156,0.5,27089
0.72215,0.5,27116
0.72281,0.5,27142
0.72342,0.5,27168
0.72406,0.5,27194
0.72478,0.5,27221
0.7254,0.5,27247
0.72601,0.5,27273
0.72666,0.5,27300
0.72734,0.5,27327
0.72794,0.5,27353
0.72867,0.5,27380
0.7293,0.5,27406
0.72998,0.5,27433
0.73069,0.5,27460
0.73133,0.5,27486
0.73209,0.5,27513
0.73277,0.5,27540
0.73356,0.5,27567
0.73425,0.5,27594
0.73494,0.5,27622
0.73565,0.5,27649
0.73638,0.5,27675
0.73709,0.5,27702
0.73785,0.5,27730
0.73863,0.5,27756
0.73942,0.5,27783
0.74011,0.5,27810
0.7409,0.5,27838
0.74173,0.5,27865
0.74244,0.5,27893
0.74328,0.5,27920
0.74406,0.5,27947
0.7449,0.5,27974
0.74568,0.5,28001
0.7465,0.5,28029
0.7474,0.5,28058
0.74828,0.5,28085
0.74913,0.5,28113
0.75004,0.5,28141
0.75091,0.5,28168
0.75174,0.5,28196
0.75265,0.5,28224
0.75362,0.5,28251
0.75453,0.5,28279
0.75546,0.5,28308
0.75654,0.5,28338
0.75756,0.5,28367
0.75854,0.5,28397
0.75961,0.5,28426
0.76063,0.5,28455
0.76171,0.5,28485
0.76277,0.5,28514
0.76401,0.5,28544
0.76513,0.5,28574
0.7663,0.5,28603
0.76745,0.5,28632
0.76862,0.5,28660
0.76977,0.5,28688
0.77109,0.5,28716
0.77217,0.5,28744
0.77344,0.5,28772
0.77475,0.5,28800
0.77599,0.5,28828
0.7773,0.5,28856
0.77864,0.5,28884
0.78011,0.5,28913
0.78136,0.5,28941
0.78283,0.5,28969
0.78422,0.5,28997
0.78588,0.5,29026
0.78743,0.5,29054
0.78894,0.5,29082
0.79068,0.5,29111
0.79228,0.5,29139
0.79395,0.5,29167
0.79584,0.5,29195
0.79756,0.5,29224
0.79937,0.5,29253
0.80139,0.5,29281
0.80333,0.5,29311
0.80574,0.5,29342
0.8081,0.5,29374
0.81033,0.5,29407
0.81315,0.5,29437
0.81578,0.5,29469
0.81877,0.5,29499
0.82163,0.5,29530
0.82506,0.5,29560
0.82839,0.5,29589
0.83166,0.5,29618
0.83554,0.5,29647
0.83938,0.5,29676
0.84362,0.5,29705
0.84825,0.5,29734
0.85337,0.5,29763
0.85939,0.5,29792
0.8655,0.5,29821
0.87173,0.5,29850
0.87947,0.5,29880
0.88828,0.5,29910
0.89971,0.5,29939
0.91113,0.5,29969
0.67149,-0.5,29999
0.60101,-0.5,30030
0.59506,-0.5,30059
0.5926,-0.5,30088
0.59102,-0.5,30118
0.58981,-0.5,30147
0.58868,-0.5,30176
0.58772,-0.5,30206
0.58673,-0.5,30235
0.58578,-0.5,30264
0.58487,-0.5,30294
0.58405,-0.5,30323
0.5832,-0.5,30352
0.58236,-0.5,30381
0.58151,-0.5,30411
0.58072,-0.5,30440
0.57995,-0.5,30469
0.57909,-0.5,30499
0.57838,-0.5,30528
0.57754,-0.5,30558
0.57678,-0.5,30587
0.57597,-0.5,30617
0.57517,-0.5,30646
0.57442,-0.5,30676
0.57365,-0.5,30705
0.57287,-0.5,30735
0.57208,-0.5,30765
0.57134,-0.5,30795
0.57059,-0.5,30825
0.56978,-0.5,30855
0.56907,-0.5,30884
0.56828,-0.5,30914
0.56752,-0.5,30944
0.56682,-0.5,30974
0.566,-0.5,31005
0.56529,-0.5,31035
0.56458,-0.5,31065
0.56383,-0.5,31095
0.56307,-0.5,31125
0.56233,-0.5,31156
0.56156,-0.5,31186
0.5608,-0.5,31216
0.56006,-0.5,31247
0.55939,-0.5,31277
0.5587,-0.5,31307
0.55785,-0.5,31338
0.55718,-0.5,31368
0.55639,-0.5,31398
0.55569,-0.5,31429
0.55497,-0.5,31459
0.55425,-0.5,31489
0.55357,-0.5,31520
0.5528,-0.5,31550
0.55208,-0.5,31580
0.5513,-0.5,31611
0.55065,-0.5,31641
0.54979,-0.5,31671
0.54918,-0.5,31702
0.54838,-0.5,31734
0.54763,-0.5,31767
0.5469,-0.5,31799
0.54613,-0.5,31829
0.54536,-0.5,31860
0.54467,-0.5,31890
0.5439,-0.5,31921
0.54316,-0.5,31952
0.54243,-0.5,31983
0.54165,-0.5,32015
0.54092,-0.5,32047
0.54019,-0.5,32080
0.53941,-0.5,32112
0.53861,-0.5,32143
0.5378,-0.5,32173
0.53705,-0.5,32205
0.53628,-0.5,32236
0.53543,-0.5,32267
0.53463,-0.5,32298
0.53395,-0.5,32329
0.53312,-0.5,32361
0.53234,-0.5,32392
0.53156,-0.5,32422
0.53079,-0.5,32454
0.52999,-0.5,32487
0.52919,-0.5,32520
0.52835,-0.5,32553
0.52749,-0.5,32587
0.52664,-0.5,32620
0.52583,-0.5,32654
0.52486,-0.5,32687
0.52397,-0.5,32720
0.52316,-0.5,32753
0.5223,-0.5,32784
0.52142,-0.5,32815
0.52051,-0.5,32847
0.51964,-0.5,32879
0.5188,-0.5,32910
0.51794,-0.5,32941
0.51704,-0.5,32973
0.51617,-0.5,33004
0.51534,-0.5,33036
0.51447,-0.5,33068
0.5136,-0.5,33100
0.51268,-0.5,33131
0.51168,-0.5,33164
0.51089,-0.5,33195
0.50991,-0.5,33227
0.5089,-0.5,33259
0.50806,-0.5,33291
0.50703,-0.5,33323
0.50609,-0.5,33355
0.50515,-0.5,33387
0.50417,-0.5,33420
0.50313,-0.5,33452
0.50215,-0.5,33484
0.50102,-0.5,33516
0.5,-0.5,33548
0.49898,-0.5,33580
0.49792,-0.5,33613
0.49686,-0.5,33645
0.49583,-0.5,33677
0.49466,-0.5,33709
0.49353,-0.5,33742
0.49238,-0.5,33774
0.49118,-0.5,33806
0.49001,-0.5,33838
0.48878,-0.5,33870
0.48765,-0.5,33903
0.48633,-0.5,33935
0.48506,-0.5,33968
0.48376,-0.5,34000
0.48253,-0.5,34032
0.48102,-0.5,34065
0.47972,-0.5,34099
0.47824,-0.5,34133
0.47665,-0.5,34167
0.47515,-0.5,34202
0.47354,-0.5,34236
0.47186,-0.5,34271
0.47011,-0.5,34305
0.46845,-0.5,34340
0.46658,-0.5,34374
0.46485,-0.5,34409
0.46287,-0.5,34443
0.46089,-0.5,34478
0.45895,-0.5,34513
0.45684,-0.5,34547
0.45457,-0.5,34582
0.45225,-0.5,34617
0.44984,-0.5,34651
0.44732,-0.5,34686
0.4449,-0.5,34721
0.44222,-0.5,34756
0.4394,-0.5,34791
0.43645,-0.5,34827
0.4333,-0.5,34861
0.43021,-0.5,34896
0.42702,-0.5,34931
0.42309,-0.5,34966
0.41941,-0.5,35001
0.41551,-0.5,35036
0.41132,-0.5,35071
0.40632,-0.5,35106
0.40142,-0.5,35141
0.3961,-0.5,35177
0.39033,-0.5,35210
0.3845,-0.5,35243
0.37813,-0.5,35276
0.37114,-0.5,35312
0.36226,-0.5,35348
0.35352,-0.5,35383
0.34316,-0.5,35419
0.33106,-0.5,35455
0.3175,-0.5,35490
0.30288,-0.5,35526
0.28612,-0.5,35561
0.59387,0.5,35597
